link,class
https://www.4helal.tv/video/series-Rahim-01.html,1
http://krmalk.tv/video/watch.php?vid=8e54b1d51,1
https://www.mzarita.tv/video/watch.php?vid=dfa569e72,1
https://www.mzarita.tv/video/watch.php?vid=15745165f,1
https://www.mzarita.tv/video/watch.php?vid=c78cbab26,1
https://www.shahidwbas.com/watch.php?vid=b5ee3e84b,1
https://www.rotana.video/watch.php?vid=a725098a5,1
http://www.s7efty.com/video/watch.php?vid=93efc4cd9,1
https://cera.video/mosalsal-raheem-alhalqa-episode-5-shahid-net-watch-arabic-moshahda-download-tahmel-mbc-drama-al-nahar-cbc-video.html,1
https://qissat.video/watch.php?vid=094525f52,1
http://www.wataan.com/?video=show&show=44277,1
http://www.wataan.com/?video=show&show=44278,1
http://www.cimaspot.com/video/watch.php?vid=46537f24c,1
http://shahedpress.com/video/59897.html,1
https://www.elrdar.com/video/watch.php?vid=d51d049ba,1
http://video.arab-x.com/watch.php?vid=5cb9a2c89,1
http://palestine.shafaqna.com/AR/PA/2040648,1
https://cimastars.com/watch.php?vid=54889c197,1
http://www.aflamcima.com/watch.php?vid=e7764007d,1
http://elgded.com/videos/28867.html,1
https://www.shahidwbas.com/watch.php?vid=c8671b2c1,1
https://www.rotana.video/watch.php?vid=9893a1bba,1
https://www.arabseed.video/watch.php?vid=fdf0179de,1
http://www.almlf.com/video/watch.php?vid=e2a289fd5,1
http://www.halqatnet.com/video/watch.php?vid=605b9a99f,1
http://www.halqatnet.com/video/watch.php?vid=b9223c551,1
http://www.egyseries.com/video/watch.php?vid=7c7389104,1
https://www.sozee.video/watch.php?vid=029709540,1
http://www.nsaem.net/video/watch.php?vid=9c7544803,1
https://www.4helal.tv/video/series-Rahim-02.html,1
http://www.nsaem.net/video/watch.php?vid=144f71825,1
https://www.4helal.tv/video/series-Rahim-episode-05.html,1
https://www.4helal.tv/video/series-Rahim-episode-04.html,1
http://krmalk.tv/video/watch.php?vid=29826cab2,1
http://krmalk.tv/video/watch.php?vid=46592c399,1
http://krmalk.tv/video/watch.php?vid=e042b5728,1
https://www.mzarita.tv/video/watch.php?vid=42386a049,1
http://www.bshwat.com/video/watch.php?vid=6542bdc8e,1
https://www.7lm.tv/video/watch.php?vid=f8aca8bc5,1
http://www.wataan.com/?video=show&show=44291,1
http://www.wataan.com/?video=show&show=44287,1
https://www.elcinema.com/work/1010439/,1
https://www.dndnha.com/song_listen_15825_1.html,1
https://nogomistars.com/214/medhat-saleh/collection/ana-ebn-aboya-(raheem-series),1
http://melody4arab.com/download/ar_download_111666.htm,1
https://www.mixaty.com/download/MjI2Nzk0.e6e0106af6c93357d19545aabb041287,1
https://www.shahid-online.net/watch.php?vid=f2ff929b9,1
http://mp3.arbcinema.com/%D8%A3%D9%86%D8%A7-%D8%A5%D8%A8%D9%86-%D8%A3%D8%A8%D9%88%D9%8A%D8%A7/,1
http://mosalsalaty.website/watch.php?vid=dd7c62ad3,1
https://www.cimastars.com/watch.php?vid=62fd11c35,1
http://www.cimaspot.com/video/watch.php?vid=1ad2b3258,1
http://www.cimaspot.com/video/watch.php?vid=943edc378,1
http://www.cimaspot.com/video/watch.php?vid=4b7c413a1,1
http://www.cimaspot.com/video/watch.php?vid=ffb366ed1,1
http://www.cimaspot.com/video/watch.php?vid=eaaa5fdb0,1
http://www.arajoz.com/video/watch.php?vid=e613d12c1,1
https://www.emotionvideo-tv.com/watch.php?vid=395d1e02a,1
http://shamekh.video/watch.php?vid=7ff12654c,1
https://www.arabseed.video/watch.php?vid=66a276150,1
http://www.eishq4tv.com/2018/05/2-2018_85.html,1
https://forum.filmey.in/t128437/,1
https://www.mzarita.tv/video/watch.php?vid=08f071885,1
https://www.mzarita.tv/video/watch.php?vid=dfa569e72,1
http://krmalk.tv/video/watch.php?vid=46592c399,1
http://www.s-ajfan.com/vb/showthread.php?t=278820,1
http://www.panet.co.il/series/v1/home/28556/1,1
https://cera.video/mosalsal-raheem-alhalqa-episode-1-shahid-net-watch-arabic-moshahda-download-tahmel-mbc-drama-al-nahar-cbc-video.html,1
http://www.bshwat.com/video/watch.php?vid=d4b4d0211,1
http://krmalk.tv/video/watch.php?vid=91a81f361,1
https://www.mosalsalatlive.tv/video/watch.php?vid=73cbbcd7e,1
https://www.shahidwbas.com/watch.php?vid=4c44cc653,1
https://mazziko.hatenablog.com/entry/2018/05/16/063326,1
http://elshra.online/watch.php?vid=7f209f1bd,1
https://www.shahidwbas.com/watch.php?vid=7d4857d9a,1
http://vb.3zain.com/t202282.html,1
http://shahid4all.com/watch.php?vid=b81311241,1
https://www.mosalsalatlive.tv/video/watch.php?vid=280bb9dec,1
https://www.mosalsalatlive.tv/video/watch.php?vid=0cf17e685,1
https://www.sozee.video/watch.php?vid=9ffc43a69,1
http://krmalk.tv/video/watch.php?vid=91a81f361,1
https://www.rotana.video/watch.php?vid=84eca752c,1
https://www.rotana.video/watch.php?vid=6c67ae075,1
https://www.shahid-online.net/watch.php?vid=83560b849,1
http://www.s7efty.com/video/watch.php?vid=833bfe641,1
http://vb.alhilal.com/t1223874.html,1
http://www.cimaspot.com/video/watch.php?vid=3b568bc6f,1
https://www.almstba.tv/video/watch.php?vid=97e19f4d7,1
https://cera.video/mosalsal-raheem-alhalqa-episode-4-shahid-net-watch-arabic-moshahda-download-tahmel-mbc-drama-al-nahar-cbc-video.html,1
http://www.bshwat.com/video/watch.php?vid=f83e06219,1
http://www.bshwat.com/video/watch.php?vid=7045eb111,1
http://www.ankawa.com/forum/index.php?topic=875701.0,1
http://www.wataan.com/?video=show&show=44284,1
https://www.elrdar.com/video/watch.php?vid=a54e83f59,1
https://www.cimastars.com/watch.php?vid=3293934fb,1
http://www.ibncairo.com/p/raheem-series-shahid-net-episodes.html,1
https://www.shahidwbas.com/watch.php?vid=c8671b2c1,1
http://www.bshwat.com/video/watch.php?vid=20f5b40d8,1
https://www.aflmy.com/watch.php?vid=37fc863a1,1
http://eg4.me/watch.php?vid=e37555d96,1
https://www.shoftube.tv/video/watch.php?vid=3b512a015,1
https://www.mzarita.tv/video/watch.php?vid=ee4447c60,1
http://www.wataan.com/?video=show&show=44289,1
http://www.s7efty.com/video/watch.php?vid=c93092274,1
http://video.arab-x.com/watch.php?vid=df0967585,1
https://www.jwabnet.com/videos/watch.php?vid=fe7854dba,1
https://www.lokaseries.com/video/watch.php?vid=c7005fc7d,1
http://sahafahn.net/show2632039.html,1
http://yemen.sahafahn.net/show2632039.html,1
http://egypt.sahafahn.net/show2632039.html,1
http://news.sahafahn.net/show2632039.html,1
http://krmalk.tv/video/watch.php?vid=53e5e9814,1
https://qissat.video/watch.php?vid=a85683e90,1
http://krmalk.tv/video/watch.php?vid=a11bf681e,1
http://www.ankawa.com/forum/index.php?topic=876795.0,1
http://vb.alhilal.com/t1223916.html,1
https://cera.video/shahid-net-mosalsal-raheem-kamel-ramadan-series-2018-mbc-download-watch-moshahda-video.html,1
https://mazziko.hatenablog.com/entry/2018/05/16/063958,1
http://www.s7efty.com/video/watch.php?vid=96407bc79,1
https://www.kolo.video/watch.php?vid=143e31689,1
https://www.cimastars.com/watch.php?vid=54889c197,1
http://www.cimaspot.com/video/watch.php?vid=c17575b4a,1
http://www.cimaspot.com/video/watch.php?vid=10e13a7ac,1
http://www.cimaspot.com/video/watch.php?vid=39ef6812f,1
https://www.shahidwbas.com/watch.php?vid=4c44cc653,1
http://www.almlf.com/video/watch.php?vid=33a1e139c,1
https://www.kolo.video/watch.php?vid=a30bc8d04,1
http://www.nsaem.net/video/watch.php?vid=614bd9374,1
https://www.almstba.tv/video/watch.php?vid=88f3233ba,1
http://www.wataan.com/?video=show&show=44283,1
https://www.dardarkom.video/watch.php?vid=af85e1535,1
http://npa-ara.com/130,1
https://qissat.video/watch.php?vid=a7aa1e540,1
https://www.shahidwbas.com/watch.php?vid=d7a22c452,1
http://eg4.me/watch.php?vid=823327e2b,1
http://www.nsaem.net/video/watch.php?vid=614bd9374,1
http://www.panet.co.il/series/v1/home/28556/1/425825,1
https://www.4helal.tv/video/series-Rahim-episode-08.html,1
https://cera.video/mosalsal-raheem-alhalqa-episode-8-shahid-net-watch-arabic-moshahda-download-tahmel-mbc-drama-al-nahar-cbc-video.html,1
http://www.ankawa.com/forum/index.php?topic=876151.0,1
https://www.shahid-online.net/watch.php?vid=269ae3c0c,1
https://www.7lm.tv/video/watch.php?vid=e8c55764b,1
http://www.s7efty.com/video/watch.php?vid=19aedfd9b,1
https://www.mosalsalatlive.tv/video/watch.php?vid=f2c0d34c9,1
http://vb.alhilal.com/t1223917.html,1
https://www.tvnachat.net/series/4560/mosalsal-ra7im-ep-8,1
http://www.egyseries.com/video/watch.php?vid=7b5782b7a,1
http://mosalsalaty.website/watch.php?vid=0510fc32b,1
https://www.cimastars.com/watch.php?vid=fa3089d23,1
https://qissat.video/watch.php?vid=24597682d,1
http://www.aflamcima.com/watch.php?vid=fd668de44,1
http://shamekh.video/watch.php?vid=f6e04636b,1
http://www.nsaem.net/video/watch.php?vid=a2930d5e2,1
https://www.shahidwbas.com/watch.php?vid=b5ee3e84b,1
https://www.shahidwbas.com/watch.php?vid=bd9c3255f,1
http://krmalk.tv/video/watch.php?vid=46fe5e466,1
https://www.mzarita.tv/video/watch.php?vid=5406b976e,1
http://www.lahdat-news.com/video/watch.php?vid=e5ac60671,1
https://www.almstba.tv/video/watch.php?vid=b5e2c8b35,1
http://www.nsaem.net/video/watch.php?vid=1d9c31860,1
http://www.ankawa.com/forum/index.php?topic=877306.0,1
https://www.4helal.tv/video/series-Rahim-episode-11.html,1
https://www.mzarita.tv/video/watch.php?vid=7f813f6d2,1
https://www.shahidwbas.com/watch.php?vid=02b44ef5c,1
http://www.s7efty.com/video/watch.php?vid=eb2663d25,1
https://www.7lm.tv/video/watch.php?vid=e22ff3610,1
https://www.rotana.video/watch.php?vid=854cefd72,1
http://www.nsaem.net/video/watch.php?vid=1d9c31860,1
https://www.kelmeten.com/video/watch?vid=0705707d5,1
http://www.bshwat.com/video/watch.php?vid=b8f9202e6,1
http://www.bshwat.com/video/watch.php?vid=05fe94cc5,1
https://cera.video/mosalsal-sok-ala-ekhwatak-alhalqa-episode-11-shahid-net-watch-arabic-moshahda-download-tahmel-mbc-drama-al-nahar-cbc-video.html,0
http://mosalsalaty.website/watch.php?vid=ba3fbd0e6,1
http://molkhas2.blogs.com/5eem44.html,1
https://www.arabseed.video/watch.php?vid=2e238ae84,1
https://www.almstba.tv/video/watch.php?vid=f45f0890d,1
https://www.cimalight.com/watch.php?vid=067e3c266,1
http://nesrelsa3ed.blogspot.com/2018/05/11-2018_75.html,1
https://www.jwabnet.com/videos/watch.php?vid=83b517ace,1
http://elshra.online/watch.php?vid=f22a77bc9,1
http://www.egyseries.com/video/watch.php?vid=cd3c8bf67,1
https://www.movizland.video/watch.php?vid=1fb7e9b99,1
https://www.shahidwbas.com/watch.php?vid=bd9c3255f,1
https://aflmelzem.video/watch.php?vid=b2f0a8c28,1
https://www.halqat.tv/video/watch.php?vid=ae70fe9e8,1
http://krmalk.tv/video/watch.php?vid=43cef9b84,1
https://www.4helal.tv/video/series-Rahim-episode-10.html,1
https://cera.video/mosalsal-raheem-alhalqa-episode-10-shahid-net-watch-arabic-moshahda-download-tahmel-mbc-drama-al-nahar-cbc-video.html,1
https://www.7lm.tv/video/watch.php?vid=aff79d5c9,1
https://www.rotana.video/watch.php?vid=66761bc46,1
http://mosalsalaty.website/watch.php?vid=4674741ec,1
http://shamekh.video/watch.php?vid=05905a5ad,1
https://qissat.video/watch.php?vid=250b27e7c,1
http://dokan.news/video/watch.php?vid=15dc2e9e0,1
http://www.cima4u.site/watch.php?vid=a942bb0c4,1
http://www.halqatnet.com/video/watch.php?vid=5fb69f736,1
https://www.arabseed.video/video/watch.php?vid=f7e92bde4,1
http://www.almlf.com/video/watch.php?vid=996720bf7,1
http://shamekh.video/watch.php?vid=05905a5ad,1
http://shamekh.video/watch.php?vid=aaef5d0b5,1
https://aflmelzem.video/watch.php?vid=632674997,1
https://aflmelzem.video/watch.php?vid=dc06d01c7,1
http://www.almlf.com/video/watch.php?vid=05ac82402,1
http://krmalk.tv/video/watch.php?vid=79f9d608d,1
https://www.kolo.video/watch.php?vid=7210dd1a7,1
https://www.rotana.video/watch.php?vid=7df9b65bf,1
http://www.wataan.com/?video=show&show=44280,1
https://www.sozee.video/watch.php?vid=9fa35f6b8,1
https://www.cimalight.com/watch.php?vid=cd645b261,1
https://www.4helal.tv/video/series-Rahim-episode-13.html,1
http://www.nsaem.net/videos/watch.php?vid=ea6150ede,1
http://www.ankawa.com/forum/index.php?topic=877426.0,1
http://krmalk.tv/video/watch.php?vid=5722051e9,1
https://www.mzarita.tv/video/watch.php?vid=3232b3474,1
https://www.7lm.tv/video/watch.php?vid=bbad03481,1
https://www.almstba.tv/video/watch.php?vid=b5e2c8b35,1
https://cera.video/mosalsal-sok-ala-ekhwatak-alhalqa-episode-13-shahid-net-watch-arabic-moshahda-download-tahmel-mbc-drama-al-nahar-cbc-video.html,0
https://www.rotana.video/watch.php?vid=4000f6934,1
http://www.bshwat.com/video/watch.php?vid=038858940,1
http://mosalsalaty.website/watch.php?vid=2b1c8d17a,1
https://www.shahid-online.net/watch.php?vid=0964c5478,1
https://www.kelmeten.com/video/watch?vid=fdf8ecb51,1
http://www.mosalslat.video/video/watch.php?vid=37d803f84,1
https://www.shahidwbas.com/watch.php?vid=3f4e041fc,1
http://www.egyseries.com/video/watch.php?vid=25d38277a,1
https://www.taslyia.me/video/7a53b0809,1
https://www.shahidwbas.com/watch.php?vid=c564380ae,1
https://www.movizland.video/watch.php?vid=2f8518090,1
https://www.dardarkom.video/watch.php?vid=c3a13ead5,1
https://www.mosalsalatlive.tv/video/watch.php?vid=36ec1ff13,1
http://shamekh.video/watch.php?vid=321fc3731,1
http://www.nsaem.net/videos/watch.php?vid=f58f15590,1
https://www.shahd.tv/vid/watch.php?vid=253d81f28,1
http://www.nsaem.net/videos/watch.php?vid=f58f15590,1
http://www.ankawa.com/forum/index.php?topic=877305.0,1
http://video.movizhomes.com/watch.php?vid=d7e44e652,1
http://www.panet.co.il/series/v1/home/28556/1/428702,1
https://cera.video/mosalsal-raheem-alhalqa-episode-13-shahid-net-watch-arabic-moshahda-download-tahmel-mbc-drama-al-nahar-cbc-video.html,1
http://www.bshwat.com/video/watch.php?vid=6d6754c42,1
https://www.dardarkom.video/watch.php?vid=48e5c9551,1
https://www.shahid-online.net/watch.php?vid=fa406efca,1
https://www.4helal.tv/video/series-Rahim-episode-14.html,1
http://krmalk.tv/video/watch.php?vid=5722051e9,1
http://www.almlf.com/video/watch.php?vid=fbaad5638,1
http://www.mshahd.com/episode/9128/,1
https://www.4helal.tv/video/series-Rahim-episode-15.html,1
https://aflmelzem.video/watch.php?vid=1d9ab6211,1
https://www.shahidwbas.com/watch.php?vid=4f96b9d67,1
http://www.nsaem.net/videos/watch.php?vid=1b7d82be1,1
https://www.4helal.tv/video/series-Rahim-episode-15.html,1
https://www.shahidwbas.com/watch.php?vid=04e182eff,1
http://video.arab-x.com/watch.php?vid=caa2b7765,1
https://veto-eg.blogspot.com/2018/05/2-1752018-2-cbc.html,1
https://yemenportal.net/posts/952602/reviews,1
http://www.mosalslat.video/video/watch.php?vid=17f0cbc86,1
http://dokan.news/video/watch.php?vid=8f80e33bc,1
http://www.elgded.com/videos/28882.html,1
http://www.lahdat-news.com/video/watch.php?vid=ba4ff2d3e,1
http://www.nsaem.net/videos/watch.php?vid=ea6150ede,1
http://www.nsaem.net/videos/watch.php?vid=9c7544803,1
https://www.4helal.tv/video/series-Rahim-episode-13.html,1
http://www.aflamcima.com/watch.php?vid=fd668de44,1
https://www.shoftube.tv/video/watch.php?vid=6518e5b2c,1
https://www.shoftube.tv/video/watch.php?vid=3b512a015,1
https://www.4helal.tv/video/series-Rahim-episode-14.html,1
http://krmalk.tv/video/watch.php?vid=50bb20092,1
http://www.bshwat.com/video/watch.php?vid=c0d465e15,1
http://www.wataan.com/?video=show&show=44290,1
https://www.mzarita.tv/video/watch.php?vid=848b13272,1
http://www.ankawa.com/forum/index.php?topic=877900.0,1
https://www.shahidwbas.com/watch.php?vid=5fae1752d,1
https://www.7lm.tv/video/watch.php?vid=907e17efd,1
http://www.egyseries.com/video/watch.php?vid=92e393cd4,1
https://qissat.video/watch.php?vid=9359103ef,1
https://www.dardarkom.video/watch.php?vid=e99113af3,1
https://www.elrdar.com/video/watch.php?vid=1fa27d734,1
https://www.shahid-online.net/watch.php?vid=fa406efca,1
https://www.kolo.video/watch.php?vid=a30bc8d04,1
http://www.mosalslat.video/video/watch.php?vid=3a81ebbcc,1
http://www.s7efty.com/video/watch.php?vid=d99425b0d,1
http://shamekh.video/watch.php?vid=570ee178e,1
http://video.arab-x.com/watch.php?vid=f07f2f183,1
https://www.mosalsalatlive.tv/video/watch.php?vid=c45563c92,1
http://www.cima4u.site/watch.php?vid=1e8d48ebe,1
http://www.lahdat-news.com/video/watch.php?vid=f7f94627a,1
http://www.egyseries.com/video/watch.php?vid=e8a0a86ad,1
http://www.blqarn.net/vb/blogs/mano2015/16721-14.html,1
http://www.lahdat-news.com/video/watch.php?vid=26317df9e,1
http://www.blqarn.net/vb/blogs/mano2015/16787-15.html,1
https://www.jwabnet.com/videos/watch.php?vid=431254e5e,1
http://www.panet.co.il/series/v1/home/28556/1/429738,1
http://www.bshwat.com/video/watch.php?vid=6e12a9a71,1
http://www.ankawa.com/forum/index.php?topic=878075.0,1
https://www.mzarita.tv/video/watch.php?vid=736075fb8,1
https://cera.video/mosalsal-raheem-alhalqa-episode-15-shahid-net-watch-arabic-moshahda-download-tahmel-mbc-drama-al-nahar-cbc-video.html,1
https://www.mosalsalatlive.tv/video/watch.php?vid=7834a8c74,1
https://www.7lm.tv/video/watch.php?vid=1f013775b,1
https://www.shahid-online.net/watch.php?vid=886658c44,1
http://mosalsalaty.website/watch.php?vid=a466b0a6f,1
https://qissat.video/watch.php?vid=9f83df49d,1
https://www.tvnachat.net/series/5035/mosalsal-ra7im-ep-15,1
http://elshra.online/watch.php?vid=ae279131c,1
http://www.cimaspot.com/video/watch.php?vid=b6f12671f,1
https://www.dardarkom.video/watch.php?vid=37a62b65f,1
http://www.mosalslat.video/video/watch.php?vid=a21f18e1f,1
http://yoyofilm.mam9.com/t6878-topic,1
http://www.egyseries.com/video/watch.php?vid=e8a0a86ad,1
http://www.cimaclub.video/watch.php?vid=82470a347,1
http://nasmat.online/video/watch.php?vid=0f9a1d4f9,1
https://www.sozee.video/watch.php?vid=fc536b46c,1
http://dokan.news/video/watch.php?vid=eb5c54b44,1
https://www.drupalfreethemes.com/sites/default/files/webform/kijhgf.html,1
http://kinfar.win/video/series-Rahim-episode-15.html,1
https://www.movizland.video/watch.php?vid=84b5b8652,1
http://hoaclip.com/show-clip-_tvyESe16h8XHo,1
http://egyseries.com/video/watch.php?vid=e8a0a86ad,1
https://www.4helal.tv/video/series-Rahim-episode-16.html,1
http://www.nsaem.net/videos/watch.php?vid=cb464ebdb,1
https://www.tvnachat.net/series/4980/mosalsal-ra7im-ep-14,1
http://www.mosalslat.video/watch.php?vid=37188cb64,1
http://www.mosalslat.video/watch.php?vid=d85f15834,1
http://ror01.d1g.com/forum/show/5915934,1
http://www.123video.tv/watch.php?vid=ceaaf2cfc,1
http://www.ankawa.com/forum/index.php?topic=878072.0,1
http://dokan.news/video/watch.php?vid=48568c308,1
https://www.4helal.tv/video/series-Rahim-episode-17.html,1
http://krmalk.tv/video/watch.php?vid=fe0fa7951,1
https://www.mzarita.tv/video/watch.php?vid=100f342f8,1
http://mosalsalaty.website/watch.php?vid=71718bb71,1
https://www.shahid-online.net/watch.php?vid=0b881b466,1
https://www.7lm.tv/video/watch.php?vid=ee40175d7,1
https://www.cimalight.com/watch.php?vid=cf20d854a,1
https://www.shahidwbas.com/watch.php?vid=6ca99cf75,1
https://www.rotana.video/watch.php?vid=ec4e55134,1
http://www.ankawa.com/forum/index.php?topic=878908.0,1
http://video.arab-x.com/watch.php?vid=70bc0ebaa,1
http://www.d1g.com/forum/show/5915809,1
https://www.emotionvideo-tv.com/watch.php?vid=a12aa0f88,1
http://www.mosalslat.video/watch.php?vid=496b1bf51,1
http://shamekh.video/watch.php?vid=dabbf2a8e,1
https://www.masress.com/elfagr/4119511,1
https://qissat.video/watch.php?vid=2d32c5bb8,1
http://www.lahdat-news.com/video/watch.php?vid=ab919518c,1
https://www.shahd.tv/vid/watch.php?vid=31c2cc516,1
https://www.4helal.tv/video/series-Rahim-episode-17.html,1
http://www.egyseries.com/video/watch.php?vid=281706323,1
https://www.4helal.tv/video/series-Rahim-episode-18.html,1
http://www.nsaem.net/videos/watch.php?vid=1b7d82be1,1
https://www.cimastars.com/watch.php?vid=5f76d0cc3,1
http://www.wataan.com/?video=show&show=45925,1
http://www.nsaem.net/videos/watch.php?vid=cb464ebdb,1
https://ramdan.video/%d8%a7%d9%84%d8%b9%d9%85%d9%8a%d8%af-%d8%a3%d8%ad%d9%85%d8%af-%d8%a7%d9%84%d8%af%d9%8a%d8%a8-%d9%83%d8%a7%d9%86-%d8%b9%d8%a7%d9%8a%d8%b2-%d8%a7%d9%8a%d9%87-%d9%85%d9%86-%d8%a3%d9%85-%d8%af%d8%a7%d9%84_b02793739.html,1
http://krmalk.tv/video/watch.php?vid=771f80c10,1
http://krmalk.tv/video/watch.php?vid=b334198c8,1
http://krmalk.tv/video/watch.php?vid=473c85e53,1
https://www.4helal.tv/video/series-Rahim-episode-20.html,1
https://www.shahidwbas.com/watch.php?vid=35f573e4c,1
http://www.ankawa.com/forum/index.php?topic=878587.0,1
http://www.wataan.com/?video=show&show=45926,1
https://www.lokaseries.com/video/watch.php?vid=c7005fc7d,1
http://wakionline.com/art/140768.html,1
https://www.cimalight.com/watch.php?vid=4acdff2f8,1
https://www.elrdar.com/video/watch.php?vid=1bf8584a1,1
https://video.almstba.tv/watch.php?vid=87f93eb6f,1
http://mosalsalaty.website/watch.php?vid=5475a6e26,1
https://www.aflmy.com/watch.php?vid=abc968ca8,1
https://www.mzarita.tv/video/watch.php?vid=9f2d33b51,1
https://www.elrdar.com/video/watch.php?vid=1bf8584a1,1
http://www.123video.tv/watch.php?vid=0b9270aa6,1
https://www.emotionvideo-tv.com/watch.php?vid=37c2eb09a,1
https://www.7lm.tv/video/watch.php?vid=bf22e6264,1
https://www.kelmeten.com/video/watch?vid=e68e600bb,1
http://www.wataan.com/?video=show&show=45928,1
http://mosalsalaty.website/watch.php?vid=4e41b9942,1
http://video.arab-x.com/watch.php?vid=37a8d6a03,1
https://www.dardarkom.video/watch.php?vid=136de9826,1
http://dokan.news/video/watch.php?vid=834e6c566,1
http://www.ahwak.video/watch.php?vid=966101be6,1
https://www.dardarkom.video/watch.php?vid=136de9826,1
https://www.4helal.tv/video/series-Rahim-episode-20.html,1
https://www.emotionvideo-tv.com/watch.php?vid=37c2eb09a,1
https://www.4helal.tv/video/series-Rahim-episode-21.html,1
https://www.mzarita.tv/video/watch.php?vid=9f2d33b51,1
http://krmalk.tv/video/watch.php?vid=b334198c8,1
http://www.panet.co.il/series/v1/home/28556/1/432282,1
https://www.emotionvideo-tv.com/watch.php?vid=3564242dc,1
http://www.mosalslat.video/watch.php?vid=32d4c3517,1
http://www.mosalslat.video/watch.php?vid=f7cd19064,1
https://www.kelmeten.com/video/watch?vid=e68e600bb,1
http://www.panet.co.il/series/v1/home/28556/1/431740,1
https://www.mzarita.tv/video/watch.php?vid=f125b28e3,1
https://www.4helal.tv/video/series-Rahim-episode-19.html,1
https://www.emotionvideo-tv.com/watch.php?vid=ad2a675e8,1
https://www.7lm.tv/video/watch.php?vid=5592d6fdd,1
http://www.123video.tv/watch.php?vid=3e1f73bee,1
http://www.wataan.com/?video=show&show=45927,1
https://www.kelmeten.com/video/watch?vid=aa886c373,1
http://www.ankawa.com/forum/index.php?topic=879685.0,1
http://mosalsalaty.website/watch.php?vid=b558f37fd,1
https://www.cimalight.com/watch.php?vid=f26165e5c,1
http://moslaslaty.eklablog.com/19-shahid4u-a144780142,1
http://basmatek.com/watch.php?vid=b9f4f631c,1
https://www.dardarkom.video/watch.php?vid=8c087fb4f,1
http://www.mosalslat.video/watch.php?vid=271fa3dbe,1
https://www.clipzui.com/video/r3x2r544q3d5r3f4c4n5g4.html,1
http://yoyofilm.mam9.com/t6981-topic,1
https://qissat.video/watch.php?vid=4a17bdfdd,1
http://dokan.news/video/watch.php?vid=ff055ff8a,1
http://www.ahwak.video/watch.php?vid=297a4544a,1
http://www.lahdat-news.com/video/watch.php?vid=5f7dc8586,1
http://www.aflamcima.com/watch.php?vid=c2ef7ce1b,1
https://www.4helal.tv/video/series-Rahim-episode-19.html,1
https://www.movizland.video/watch.php?vid=6cc85bed9,1
https://qissat.video/watch.php?vid=4a17bdfdd,1
https://www.emotionvideo-tv.com/watch.php?vid=ad2a675e8,1
http://krmalk.tv/video/watch.php?vid=473c85e53,1
http://www.lahdat-news.com/video/watch.php?vid=5f7dc8586,1
https://aflmelzem.video/watch.php?vid=04d69e554,1
http://www.panet.co.il/series/v1/home/28556/1/431740,1
https://www.4helal.tv/video/series-Rahim-episode-21.html,1
http://www.ankawa.com/forum/index.php?topic=880306.0,1
http://www.123video.tv/watch.php?vid=1a4cf266f,1
https://www.7lm.tv/video/watch.php?vid=ab0ad236f,1
http://www.d1g.com/forum/show/5917015,1
http://basmatek.com/watch.php?vid=5fd2faebb,1
https://www.cimalight.com/watch.php?vid=01c4862c8,1
https://www.emotionvideo-tv.com/watch.php?vid=3564242dc,1
http://nasmat.online/video/watch.php?vid=7a09de7bf,1
http://moslaslaty.eklablog.com/29-shahid4u-a144799026,1
http://load-load.7e14.starter-us-west-2.openshiftapps.com/ZVL035ijM9S-%D8%A7%D9%83%D8%AA%D8%B1-%D9%85%D8%B3%D9%84%D8%B3%D9%84%D8%A7%D8%AA-%D8%AF%D8%B1%D8%A7%D9%85%D8%A7-%D8%AD%D8%A7%D8%B5%D9%84%D9%87-%D8%B9%D9%84%D9%8A-%D9%86%D8%B3%D8%A8-%D9%85%D8%B4%D8%A7%D9%87%D8%AF%D9%87-%D8%B1%D9%85%D8%B6%D8%A7%D9%86-2018-%D9%8A%D8%A7-%D8%AA%D8%B1%D9%8A-%D8%A7%D9%8A%D9%87-%D8%A7%D9%84%D9%85%D8%B3%D9%84%D8%B3%D9%84-%D8%A7%D9%84%D9%8A-%D9%87%D9%8A%D8%AA%D8%B5%D8%AF%D8%B1-%D8%A7%D9%84%D9%85%D9%86%D8%A7%D9%81%D8,1
http://www.ahwak.video/watch.php?vid=787b97115,1
http://ror01.d1g.com/forum/show/5917015,1
http://krmalk.tv/video/watch.php?vid=771f80c10,1
http://ror01.d1g.com/forum/show/5916956,1
http://www.3froto.com/2018/05/Rahim.E15.html,1
https://www.kolo.video/watch.php?vid=6fa8c6b4e,1
http://video.arab-x.com/watch.php?vid=c497101b6,1
http://dokan.news/video/watch.php?vid=9250aaed5,1
http://www.ankawa.com/forum/index.php?topic=877310.0,1
http://www.panet.co.il/series/v1/home/28556/1/432282,1
http://www.123video.tv/watch.php?vid=61fa50a6f,1
http://www.cima4u.site/watch.php?vid=f758d94b2,1
http://www.mshahd.com/episode/9371/,1
http://www.123video.tv/watch.php?vid=80e92a887,1
http://elshra.online/watch.php?vid=d9cd4f489,1
http://123video.tv/watch.php?vid=4da0fbb1f,1
http://www.wataan.com/?video=show&show=44279,1
http://www.mosalslat.video/watch.php?vid=37e28e39b,1
http://etrackarch.co.uk/video/series-Rahim-episode-21.html,1
http://www.klakeet.com/video/watch.php?vid=06f80beb1,1
https://www.4helal.tv/video/series-Rahim-episode-22.html,1
https://www.halqat.tv/video/watch.php?vid=176d4ec37,1
http://www.mosalslat.video/watch.php?vid=5dafcc826,1
https://ramdan.video/%d8%b1%d9%82%d8%b5%d8%a9-%d8%aa%d8%a7%d9%86%d8%ac%d9%88-%d8%b1%d8%a7%d8%a6%d8%b9%d8%a9-%d8%a8%d9%8a%d9%86-%d9%8a%d8%a7%d8%b3%d8%b1-%d8%ac%d9%84%d8%a7%d9%84-%d9%88%d8%a7%d9%84%d8%ac%d9%85%d9%8a%d9%84_ec092641e.html,1
https://ramdan.video/%d9%8a%d8%a7%d8%b3%d8%b1-%d8%ac%d9%84%d8%a7%d9%84-%d9%81%d9%8a-%d8%aa%d8%b5%d8%b1%d9%8a%d8%ad%d8%a7%d8%aa-%d8%ae%d8%a7%d8%b5%d8%a9-%d9%84%d9%80-cbc-%d9%88%d9%83%d9%88%d8%a7%d9%84%d9%8a%d8%b3-%d9%85_8507c6cbd.html,1
https://ramdan.video/%d9%84%d9%88-%d8%ad%d8%af-%d8%a8%d9%8a%d8%b1%d8%a7%d9%82%d8%a8%d9%83-%d9%88%d8%b9%d8%a7%d9%8a%d8%b2-%d8%aa%d9%87%d8%b1%d8%a8-%d9%85%d9%86%d9%87-%d8%a7%d8%aa%d8%b9%d9%84%d9%85-%d9%85%d9%86-%d9%8a_cbdddb12b.html,1
http://video.shahid4all.com/%d9%87%d9%88-%d8%a7%d9%86%d8%aa-%d8%a7%d8%b2%d8%a7%d9%8a-%d9%83%d8%af%d9%87-%d8%a7%d9%86%d8%aa%d8%b8%d8%b1%d9%88%d9%86%d8%a7-%d9%81%d9%8a-%d8%b1%d9%85%d8%b6%d8%a7%d9%86-2018-%d9%85%d8%b9-%d9%85_7bed28a81.html,1
http://krmalk.tv/video/watch.php?vid=c4d335870,1
https://www.shahidwbas.com/watch.php?vid=56fcc88f9,1
https://www.mzarita.tv/video/watch.php?vid=4f63beff2,1
http://www.123video.tv/watch.php?vid=f9cc73d7b,1
http://www.wataan.com/?video=show&show=46573,1
http://video.arab-x.com/watch.php?vid=4b4c0c323,1
https://nzmaths.co.nz/sites/default/files/images/uploads/users/60366/newsmslsmrheem.html,1
http://www.cima4u.site/watch.php?vid=9c8602a53,1
http://www.cima4u.site/watch.php?vid=d4538bd06,1
https://www.cimalight.com/watch.php?vid=e5ef377d6,1
http://video.arab-x.com/watch.php?vid=c497101b6,1
http://video.arab-x.com/watch.php?vid=586ee29e0,1
https://www.movizland.video/watch.php?vid=6cc85bed9,1
https://www.elrdar.com/video/watch.php?vid=1fa27d734,1
http://www.mosalslat.video/watch.php?vid=32d4c3517,1
https://video.almstba.tv/watch.php?vid=87f93eb6f,1
http://www.mosalslat.video/watch.php?vid=d85f15834,1
http://www.lahdat-news.com/video/watch.php?vid=ab919518c,1
https://www.mosalsalatlive.tv/video/watch.php?vid=36ec1ff13,1
https://www.cimastars.com/watch.php?vid=5f76d0cc3,1
https://cera.video/mosalsal-raheem-alhalqa-episode-4-shahid-net-watch-arabic-moshahda-download-tahmel-mbc-drama-al-nahar-cbc-video.html,1
https://www.shahidwbas.com/watch.php?vid=d7a22c452,1
https://www.kol7sry.news/2018/05/Series-Rehim.html,0
http://cimafree.com/%D9%85%D8%B4%D8%A7%D9%87%D8%AF%D8%A9-%D9%85%D8%B3%D9%84%D8%B3%D9%84-%D8%A7%D9%84%D9%88%D8%B5%D9%8A%D8%A9-%D8%A7%D9%84%D8%AD%D9%84%D9%82%D8%A9-4/,0
http://www.tameronlin.com/2018/05/1-hd16_16.html,0
http://cimaclub.com/quality/hd/,0
http://www.youbox7.com/video-4e58dee5e.html,0
https://www.mzarita.tv/video/watch.php?vid=694090e64,0
https://www.emotionvideo-tv.com/watch.php?vid=346d8edcf,0
https://www.mzarita.tv/video/watch.php?vid=3ff5ce46f,0
https://www.halqat.tv/video/watch.php?vid=90df23200,0
http://4oof4u.tv/%d9%81%d9%8a%d9%84%d9%85-%d8%b9%d9%82%d8%af%d8%a9-%d8%a7%d9%84%d8%ae%d9%88%d8%a7%d8%ac%d8%a9-2018/,0
http://4oof4u.tv/%d9%81%d9%8a%d9%84%d9%85-%d8%b1%d8%ba%d8%af%d8%a9-%d9%85%d8%aa%d9%88%d8%ad%d8%b4%d8%a9-2018/,0
http://www.ankawa.com/forum/index.php?topic=875702.0,0
https://qissat.video/watch.php?vid=72d3a48c0,0
http://www.youbox7.com/video-6a4e9ac5b.html,0
https://www.kol7sry.news/2018/05/ra7em-2018.html,0
https://zencastr.zendesk.com/hc/en-us/community/posts/360001983676-%D8%A8%D9%8E%D8%AB%D9%91%D9%8F-%D9%85%D9%8F%D8%A8%D9%8E%D8%A7%D8%B4%D9%90%D8%B1%D9%8F-%D9%83%D9%8E%D9%84%D9%8E%D8%A8%D9%92%D8%B4%D9%90-2-%D8%A7%D9%84%D9%92%D8%AD%D9%8E%D9%84%D9%92%D9%82%D9%8E%D8%A9%D9%8E-2-%D8%A7%D9%84%D8%AB%D9%91%D9%8E%D8%A7%D9%86%D9%90%D9%8A%D9%8E%D8%A9%D9%8E-%D8%B4%D9%8E%D8%A7%D9%87%D9%90%D8%AF%D9%8E-%D9%86%D9%8E%D8%AA%D9%91%D9%8E-%D9%85%D9%8F%D8%B3%D9%8E%D9%84%D9%92%D8%B3%D9%8E%D9%84%D9%8F-%D9%83%D9%8E%D9%84%,0
https://www.dardarkom.video/watch.php?vid=1f4b804f5,0
https://zencastr.zendesk.com/hc/en-us/community/posts/360001983676-%D8%A8%D9%8E%D8%AB%D9%91%D9%8F-%D9%85%D9%8F%D8%A8%D9%8E%D8%A7%D8%B4%D9%90%D8%B1%D9%8F-%D9%83%D9%8E%D9%84%D9%8E%D8%A8%D9%92%D8%B4%D9%90-2-%D8%A7%D9%84%D9%92%D8%AD%D9%8E%D9%84%D9%92%D9%82%D9%8E%D8%A9%D9%8E-2-%D8%A7%D9%84%D8%AB%D9%91%D9%8E%D8%A7%D9%86%D9%90%D9%8A%D9%8E%D8%A9%D9%8E-%D8%B4%D9%8E%D8%A7%D9%87%D9%90%D8%AF%D9%8E-%D9%86%D9%8E%D8%AA%D9%91%D9%8E-%D9%85%D9%8F%D8%B3%D9%8E%D9%84%D9%92%D8%B3%D9%8E%D9%84%D9%8F-%D9%83%D9%8E%D9%84%,0
https://moviz4u.tv/,0
http://www.youbox7.com/video-98029e964.html,0
https://qissat.video/watch.php?vid=4d0570b68,0
https://www.kelmeten.com/video/watch?vid=6ccbea30e,0
https://zencastr.zendesk.com/hc/en-us/community/posts/360001983676-%D8%A8%D9%8E%D8%AB%D9%91%D9%8F-%D9%85%D9%8F%D8%A8%D9%8E%D8%A7%D8%B4%D9%90%D8%B1%D9%8F-%D9%83%D9%8E%D9%84%D9%8E%D8%A8%D9%92%D8%B4%D9%90-2-%D8%A7%D9%84%D9%92%D8%AD%D9%8E%D9%84%D9%92%D9%82%D9%8E%D8%A9%D9%8E-2-%D8%A7%D9%84%D8%AB%D9%91%D9%8E%D8%A7%D9%86%D9%90%D9%8A%D9%8E%D8%A9%D9%8E-%D8%B4%D9%8E%D8%A7%D9%87%D9%90%D8%AF%D9%8E-%D9%86%D9%8E%D8%AA%D9%91%D9%8E-%D9%85%D9%8F%D8%B3%D9%8E%D9%84%D9%92%D8%B3%D9%8E%D9%84%D9%8F-%D9%83%D9%8E%D9%84%,0
https://www.mosalsalatlive.tv/video/watch.php?vid=12e39036d,0
https://www.farfeshplus.com/Video.asp?ZoneID=320,0
http://tv.alarab.com/v53207-_%D8%B4%D8%A7%D9%87%D8%AF_%D9%85%D8%B3%D9%84%D8%B3%D9%84_%D8%B9%D9%84%D9%89_%D9%85%D8%B1_%D8%A7%D9%84%D8%B2%D9%85%D8%A7%D9%86_166,0
http://tv.alarab.com/v54059-_%D8%B4%D8%A7%D9%87%D8%AF_%D9%85%D8%B3%D9%84%D8%B3%D9%84_%D8%B9%D9%84%D9%89_%D9%85%D8%B1_%D8%A7%D9%84%D8%B2%D9%85%D8%A7%D9%86_188,0
https://cima4u.tv/,0
https://www.rotana.video/watch.php?vid=584da1cf7,0
https://www.emotionvideo-tv.com/watch.php?vid=4bf1b3dc7,0
https://www.emotionvideo-tv.com/watch.php?vid=4c0823cea,0
http://shahidline.com/episodes/dolunay-14/,0
http://www.uwindsor.ca/alumni/sites/uwindsor.ca.alumni/files/webform/83heem83.html,0
http://www.nsaem.net/video/watch.php?vid=9f9886c85,0
http://cimaclub.com/?page=587/,0
http://www.nsaem.net/video/watch.php?vid=5bc72573d,0
https://www.kelmeten.com/video/watch?vid=343e08b9e,0
http://shahidline.com/episodes/savasci-s2-5/,0
https://www.halqat.tv/video/watch.php?vid=7f5372e0a,0
https://www.halqat.tv/video/watch.php?vid=8ca712869,0
https://www.4helal.tv/video/3852/watch.html,0
http://www.colegiolegamar.es/sites/default/files/webform/83841rheem83.html,0
https://www.4helal.tv/video/4286/watch.html,0
http://tv.alarab.com/v43819-_%C3%98%C2%B4%C3%98%C2%A7%C3%99%E2%80%A1%C3%98%C2%AF_%C3%99%E2%80%A6%C3%98%C2%B3%C3%99%E2%80%9E%C3%98%C2%B3%C3%99%E2%80%9E_%C3%98%C2%A7%C3%98%C2%B3%C3%99%E2%80%A6%C3%99%C5%A0%C3%98%C2%AA%C3%99%E2%80%A1%C3%98%C2%A7_%C3%99%C2%81%C3%98%C2%B1%C3%99%C5%A0%C3%98%C2%AD%C3%98%C2%A9_%C3%98%C2%AA%C3%98%C2%B1%C3%99%C6%92%C3%99%C5%A0_54,0
https://www.aflmy.com/watch.php?vid=04d9c781a,0
https://www.cimalight.com/watch.php?vid=dcc8e2705,0
https://www.7lm.tv/video/watch.php?vid=f664288df,0
http://aflamy.video/watch.php?vid=52e7a6d08,0
https://www.raitube.com/vb/t63092.html,0
http://cima4up.tv/%d9%85%d8%b4%d8%a7%d9%87%d8%af%d8%a9-%d9%85%d8%b3%d9%84%d8%b3%d9%84-%d9%88%d9%84%d8%a7%d8%af-%d8%aa%d8%b3%d8%b9%d8%a9-%d8%a7%d9%84%d8%ad%d9%84%d9%82%d8%a9-%d8%a7%d9%84%d8%ab%d8%a7%d9%84%d8%ab%d8%a9/,0
https://www.starmovs.com/contratiempo,0
http://shahedpress.com/video/60384.html,0
http://www.ankawa.com/forum/index.php?topic=876042.0,0
https://zencastr.zendesk.com/hc/en-us/community/posts/360001983676-%D8%A8%D9%8E%D8%AB%D9%91%D9%8F-%D9%85%D9%8F%D8%A8%D9%8E%D8%A7%D8%B4%D9%90%D8%B1%D9%8F-%D9%83%D9%8E%D9%84%D9%8E%D8%A8%D9%92%D8%B4%D9%90-2-%D8%A7%D9%84%D9%92%D8%AD%D9%8E%D9%84%D9%92%D9%82%D9%8E%D8%A9%D9%8E-2-%D8%A7%D9%84%D8%AB%D9%91%D9%8E%D8%A7%D9%86%D9%90%D9%8A%D9%8E%D8%A9%D9%8E-%D8%B4%D9%8E%D8%A7%D9%87%D9%90%D8%AF%D9%8E-%D9%86%D9%8E%D8%AA%D9%91%D9%8E-%D9%85%D9%8F%D8%B3%D9%8E%D9%84%D9%92%D8%B3%D9%8E%D9%84%D9%8F-%D9%83%D9%8E%D9%84%,0
https://www.elrdar.com/video/index.php,0
http://urcima.com/%d9%85%d8%b3%d9%84%d8%b3%d9%84-%d8%a7%d9%84%d8%ae%d8%a7%d9%88%d8%a9-%d8%a7%d9%84%d9%85%d9%88%d8%b3%d9%85-2-%d8%a7%d9%84%d8%ad%d9%84%d9%82%d8%a9-6-%d8%a7%d9%84%d8%b3%d8%a7%d8%af%d8%b3%d8%a9/,0
http://shahid4u.tv/%d8%a8%d8%b1%d9%86%d8%a7%d9%85%d8%ac-100-%d8%b1%d9%8a%d8%ae%d8%aa%d8%b1-%d8%a7%d9%84%d8%ad%d9%84%d9%82%d8%a9-1-%d8%b9%d9%84%d9%8a-%d8%b1%d8%a8%d9%8a%d8%b9,0
http://shahid4u.tv/%d8%a8%d8%b1%d9%86%d8%a7%d9%85%d8%ac-100-%d8%b1%d9%8a%d8%ae%d8%aa%d8%b1-%d8%a7%d9%84%d8%ad%d9%84%d9%82%d8%a9-2-%d9%85%d8%ac%d8%af%d9%8a-%d8%b9%d8%a8%d8%af-%d8%a7%d9%84%d8%ba%d9%86%d9%8a,0
http://shahid4u.tv/%d8%a8%d8%b1%d9%86%d8%a7%d9%85%d8%ac-100-%d8%b1%d9%8a%d8%ae%d8%aa%d8%b1-%d8%a7%d9%84%d8%ad%d9%84%d9%82%d8%a9-3-%d8%a7%d9%8a%d9%85%d8%a7%d9%86-%d8%a7%d9%84%d8%b3%d9%8a%d8%af,0
http://shahid4u.tv/%d8%a8%d8%b1%d9%86%d8%a7%d9%85%d8%ac-100-%d8%b1%d9%8a%d8%ae%d8%aa%d8%b1-%d8%a7%d9%84%d8%ad%d9%84%d9%82%d8%a9-4-%d8%b1%d9%8a%d9%85-%d8%a7%d9%84%d8%a8%d8%a7%d8%b1%d9%88%d8%af%d9%8a,0
http://shahid4u.tv/%d8%a8%d8%b1%d9%86%d8%a7%d9%85%d8%ac-100-%d8%b1%d9%8a%d8%ae%d8%aa%d8%b1-%d8%a7%d9%84%d8%ad%d9%84%d9%82%d8%a9-5-%d8%a7%d8%a8%d9%88-%d8%a7%d9%84%d9%84%d9%8a%d9%81,0
http://shahid4u.tv/%d8%a8%d8%b1%d9%86%d8%a7%d9%85%d8%ac-100-%d8%b1%d9%8a%d8%ae%d8%aa%d8%b1-%d8%a7%d9%84%d8%ad%d9%84%d9%82%d8%a9-6-%d8%a7%d8%ad%d9%85%d8%af-%d9%81%d8%aa%d8%ad%d9%8a,0
http://shahid4u.tv/%d8%a8%d8%b1%d9%86%d8%a7%d9%85%d8%ac-100-%d8%b1%d9%8a%d8%ae%d8%aa%d8%b1-%d8%a7%d9%84%d8%ad%d9%84%d9%82%d8%a9-7-%d8%b1%d9%8a%d9%83%d9%88,0
http://shahid4u.tv/%d8%a8%d8%b1%d9%86%d8%a7%d9%85%d8%ac-100-%d8%b1%d9%8a%d8%ae%d8%aa%d8%b1-%d8%a7%d9%84%d8%ad%d9%84%d9%82%d8%a9-8-%d9%85%d8%ad%d9%85%d8%af-%d8%b9%d8%a8%d8%af-%d8%a7%d9%84%d8%b1%d8%ad%d9%85%d9%86,0
http://shahid4u.tv/%d8%a8%d8%b1%d9%86%d8%a7%d9%85%d8%ac-100-%d8%b1%d9%8a%d8%ae%d8%aa%d8%b1-%d8%a7%d9%84%d8%ad%d9%84%d9%82%d8%a9-10-%d8%b9%d9%84%d8%a7%d8%a1-%d9%85%d8%b1%d8%b3%d9%8a,0
http://shahid4u.tv/%d8%a8%d8%b1%d9%86%d8%a7%d9%85%d8%ac-100-%d8%b1%d9%8a%d8%ae%d8%aa%d8%b1-%d8%a7%d9%84%d8%ad%d9%84%d9%82%d8%a9-11-%d8%af%d8%a7%d9%84%d9%8a%d8%a7-%d9%85%d8%b5%d8%b7%d9%81%d9%8a,0
http://shahid4u.tv/%d8%a8%d8%b1%d9%86%d8%a7%d9%85%d8%ac-100-%d8%b1%d9%8a%d8%ae%d8%aa%d8%b1-%d8%a7%d9%84%d8%ad%d9%84%d9%82%d8%a9-12-%d8%a7%d9%84%d8%b4%d9%8a%d9%81-%d8%ad%d8%b3%d9%86,0
http://shahid4u.tv/%d9%85%d8%b4%d8%a7%d9%87%d8%af%d8%a9-%d8%a8%d8%b1%d9%86%d8%a7%d9%85%d8%ac-100-%d8%b1%d9%8a%d8%ae%d8%aa%d8%b1-%d8%a7%d9%84%d8%ad%d9%84%d9%82%d8%a9-13-%d8%b1%d9%8a%d9%87%d8%a7%d9%85-%d8%ad%d8%ac%d8%a7,0
http://shahid4u.tv/%d9%85%d8%b4%d8%a7%d9%87%d8%af%d8%a9-%d8%a8%d8%b1%d9%86%d8%a7%d9%85%d8%ac-100-%d8%b1%d9%8a%d8%ae%d8%aa%d8%b1-%d8%a7%d9%84%d8%ad%d9%84%d9%82%d8%a9-14-%d9%86%d8%b3%d8%b1%d9%8a%d9%86-%d8%a7%d9%85%d8%a7,0
http://shahid4u.tv/%d9%85%d8%b4%d8%a7%d9%87%d8%af%d8%a9-%d8%a8%d8%b1%d9%86%d8%a7%d9%85%d8%ac-100-%d8%b1%d9%8a%d8%ae%d8%aa%d8%b1-%d8%a7%d9%84%d8%ad%d9%84%d9%82%d8%a9-15-%d8%b3%d8%a7%d9%85%d8%ad-%d8%ad%d8%b3%d9%8a%d9%86,0
http://shahid4u.tv/%d9%85%d8%b4%d8%a7%d9%87%d8%af%d8%a9-%d8%a8%d8%b1%d9%86%d8%a7%d9%85%d8%ac-100-%d8%b1%d9%8a%d8%ae%d8%aa%d8%b1-%d8%a7%d9%84%d8%ad%d9%84%d9%82%d8%a9-16-%d8%b9%d8%b5%d8%a7%d9%85-%d9%83%d8%a7%d8%b1%d9%8a,0
http://shahid4u.tv/%d9%85%d8%b4%d8%a7%d9%87%d8%af%d8%a9-%d8%a8%d8%b1%d9%86%d8%a7%d9%85%d8%ac-100-%d8%b1%d9%8a%d8%ae%d8%aa%d8%b1-%d8%a7%d9%84%d8%ad%d9%84%d9%82%d8%a9-17-%d8%b3%d9%84%d9%8a%d9%85%d8%a7%d9%86-%d8%b9%d9%8a,0
http://shahid4u.tv/%d9%85%d8%b4%d8%a7%d9%87%d8%af%d8%a9-%d8%a8%d8%b1%d9%86%d8%a7%d9%85%d8%ac-100-%d8%b1%d9%8a%d8%ae%d8%aa%d8%b1-%d8%a7%d9%84%d8%ad%d9%84%d9%82%d8%a9-18-%d8%af%d9%8a%d9%86%d8%a7-%d9%81%d8%a4%d8%a7%d8%af,0
http://shahid4u.tv/%d8%a8%d8%b1%d9%86%d8%a7%d9%85%d8%ac-100-%d8%b1%d9%8a%d8%ae%d8%aa%d8%b1-%d8%a7%d9%84%d8%ad%d9%84%d9%82%d8%a9-19-%d9%87%d8%af%d9%8a,0
http://shahid4u.tv/%d9%85%d8%b4%d8%a7%d9%87%d8%af%d8%a9-%d8%a8%d8%b1%d9%86%d8%a7%d9%85%d8%ac-100-%d8%b1%d9%8a%d8%ae%d8%aa%d8%b1-%d8%a7%d9%84%d8%ad%d9%84%d9%82%d8%a9-20-%d8%a7%d9%8a%d9%87%d8%a7%d8%a8-%d9%81%d9%87%d9%85,0
http://shahid4u.tv/%d9%85%d8%b4%d8%a7%d9%87%d8%af%d8%a9-%d8%a8%d8%b1%d9%86%d8%a7%d9%85%d8%ac-100-%d8%b1%d9%8a%d8%ae%d8%aa%d8%b1-%d8%a7%d9%84%d8%ad%d9%84%d9%82%d8%a9-21-%d8%a7%d8%ad%d9%85%d8%af-%d8%b5%d9%81%d9%88%d8%aa,0
http://shahid4u.tv/%d9%85%d8%b4%d8%a7%d9%87%d8%af%d8%a9-%d8%a8%d8%b1%d9%86%d8%a7%d9%85%d8%ac-100-%d8%b1%d9%8a%d8%ae%d8%aa%d8%b1-%d8%a7%d9%84%d8%ad%d9%84%d9%82%d8%a9-22-%d8%b1%d9%86%d8%a7-%d8%b3%d9%85%d8%a7%d8%ad%d8%a9,0
http://shahid4u.tv/%d9%85%d8%b4%d8%a7%d9%87%d8%af%d8%a9-%d8%a8%d8%b1%d9%86%d8%a7%d9%85%d8%ac-100-%d8%b1%d9%8a%d8%ae%d8%aa%d8%b1-%d8%a7%d9%84%d8%ad%d9%84%d9%82%d8%a9-23-%d9%85%d9%86%d8%a9-%d9%81%d8%b6%d8%a7%d9%84%d9%89,0
http://shahid4u.tv/%d9%85%d8%b4%d8%a7%d9%87%d8%af%d8%a9-%d8%a8%d8%b1%d9%86%d8%a7%d9%85%d8%ac-100-%d8%b1%d9%8a%d8%ae%d8%aa%d8%b1-%d8%a7%d9%84%d8%ad%d9%84%d9%82%d8%a9-24-%d8%a8%d9%8a%d9%88%d9%85%d9%89-%d9%81%d8%a4%d8%a7,0
http://shahid4u.tv/%d9%85%d8%b4%d8%a7%d9%87%d8%af%d8%a9-%d8%a8%d8%b1%d9%86%d8%a7%d9%85%d8%ac-100-%d8%b1%d9%8a%d8%ae%d8%aa%d8%b1-%d8%a7%d9%84%d8%ad%d9%84%d9%82%d8%a9-25-%d9%84%d8%a4%d9%89,0
http://shahid4u.tv/%d9%85%d8%b4%d8%a7%d9%87%d8%af%d8%a9-%d8%a8%d8%b1%d9%86%d8%a7%d9%85%d8%ac-100-%d8%b1%d9%8a%d8%ae%d8%aa%d8%b1-%d8%a7%d9%84%d8%ad%d9%84%d9%82%d8%a9-26-%d8%ad%d8%ac%d8%a7%d8%b2%d9%89-%d9%85%d8%aa%d9%82,0
http://shahid4u.tv/%d8%a8%d8%b1%d9%86%d8%a7%d9%85%d8%ac-100-%d8%b1%d9%8a%d8%ae%d8%aa%d8%b1-%d8%a7%d9%84%d8%ad%d9%84%d9%82%d8%a9-27-%d8%ae%d8%a7%d9%84%d8%af-%d8%a7%d9%84%d8%ba%d9%86%d8%af%d9%88%d8%b1,0
http://shahid4u.tv/%d8%a8%d8%b1%d9%86%d8%a7%d9%85%d8%ac-100-%d8%b1%d9%8a%d8%ae%d8%aa%d8%b1-%d8%a7%d9%84%d8%ad%d9%84%d9%82%d8%a9-28-%d8%b1%d9%8a%d9%87%d8%a7%d9%85-%d8%a7%d9%84%d8%b3%d9%87%d9%84%d9%8a,0
http://shahid4u.tv/%d8%a8%d8%b1%d9%86%d8%a7%d9%85%d8%ac-100-%d8%b1%d9%8a%d8%ae%d8%aa%d8%b1-%d8%a7%d9%84%d8%ad%d9%84%d9%82%d8%a9-29-%d9%87%d8%a8%d8%a9-%d9%85%d8%ac%d8%af%d9%8a,0
http://shahid4u.tv/%d8%a8%d8%b1%d9%86%d8%a7%d9%85%d8%ac-100-%d8%b1%d9%8a%d8%ae%d8%aa%d8%b1-%d8%a7%d9%84%d8%ad%d9%84%d9%82%d8%a9-30-%d8%b3%d9%85%d8%a7-%d8%a7%d9%84%d9%85%d8%b5%d8%b1%d9%8a,0
http://shahid4u.tv/%d8%a8%d8%b1%d9%86%d8%a7%d9%85%d8%ac-100-%d8%b1%d9%8a%d8%ae%d8%aa%d8%b1-%d8%a7%d9%84%d8%ad%d9%84%d9%82%d8%a9-31-%d9%87%d8%a7%d9%84%d8%a9-%d9%81%d8%a7%d8%ae%d8%b1,0
http://shahid4u.tv/%d8%a8%d8%b1%d9%86%d8%a7%d9%85%d8%ac-100-%d8%b1%d9%8a%d8%ae%d8%aa%d8%b1-%d8%a7%d9%84%d8%ad%d9%84%d9%82%d8%a9-32-%d9%88%d8%a7%d9%84%d8%a7%d8%ae%d9%8a%d8%b1%d8%a9-%d8%b7%d9%84%d8%b9%d8%aa-%d8%b2%d9%83,0
http://m.arbcinema.com/mp3/%d8%b9%d8%af%d9%88%d9%8a%d8%a9-%d8%b4%d8%b9%d8%a8%d8%a7%d9%86-%d9%8a%d8%a7-%d8%b2%d9%85%d9%86-%d8%a7%d8%ad%d9%83%d9%89-%d8%a7%d9%84%d8%ad%d9%83%d8%a7%d9%8a%d8%a9,0
http://m.arbcinema.com/mp3/%d8%af%d9%86%d8%ac%d9%88%d8%a7%d9%86-%d9%88-%d9%81%d9%82%d8%b1%d9%8a-%d9%85%d8%ad%d9%85%d8%af-%d8%b6%d9%8a%d8%a7%d8%a1-%d8%b4%d8%b9%d8%a8%d9%88%d9%84%d8%a7,0
http://www.justicerestaurative.org/sites/default/files/webform/mslsl-rhym-lhlq-8.html,0
http://shahedpress.com/video/61327.html,0
http://4oof4u.tv/%d9%81%d9%8a%d9%84%d9%85-marina-2013-%d9%85%d8%aa%d8%b1%d8%ac%d9%85-%d8%a7%d9%88%d9%86-%d9%84%d8%a7%d9%8a%d9%86-%d9%84%d9%84%d9%83%d8%a8%d8%a7%d8%b1-%d9%81%d9%82%d8%b7/,0
https://www.rotana.video/category.php?cat=english-movies,0
http://cimaclub.com/release-year/2018/,0
https://www.rotana.video/watch.php?vid=4f8942b43,0
https://www.tvnachat.net/series/4552/mosalsal-haron-rachid-ep-7,0
https://www.4helal.tv/video/11959/watch.html,0
https://www.4helal.tv/video/9250/watch.html,0
http://cimaclub.com/?page=591/,0
http://shahidline.com/episodes/kirgin-cicekler-27/,0
https://www.4show.me/2015/08/blog-post_11.html,0
http://www.alarab.com/Article/858780,0
http://shahidline.com/episodes/eazuti-8/,0
http://shahid4u.tv/slider/%d9%85%d8%b3%d9%84%d8%b3%d9%84-legends-of-tomorrow-%d8%a7%d9%84%d9%85%d9%88%d8%b3%d9%85-%d8%a7%d9%84%d8%ab%d8%a7%d9%86%d9%8a-%d8%a7%d9%84%d8%ad%d9%84%d9%82%d8%a9-1,0
http://cima4up.tv/%d9%85%d8%b4%d8%a7%d9%87%d8%af%d8%a9-%d9%85%d8%b3%d9%84%d8%b3%d9%84-%d8%b9%d8%b2%d9%88%d8%aa%d9%8a-%d8%a7%d9%84%d8%ad%d9%84%d9%82%d8%a9-10/,0
https://www.4helal.tv/video/series-khlsanh-beshyakeh-episode-8-watch-video.html,0
https://www.4helal.tv/video/series-Afarit-Adly-Alam-episode-8-watch-video.html,0
http://cima4up.tv/%d9%85%d8%b4%d8%a7%d9%87%d8%af%d8%a9-%d9%85%d8%b3%d9%84%d8%b3%d9%84-%d8%a7%d9%84%d8%af%d9%88%d9%84%d9%8a-%d8%a7%d9%84%d8%ad%d9%84%d9%82%d8%a9-8-hd/,0
https://fodoool.com/%d9%85%d8%b3%d9%84%d8%b3%d9%84-%d8%b9%d8%b2%d9%88%d8%aa%d9%8a-%d8%a7%d9%84%d8%ad%d9%84%d9%82%d8%a9-11/,0
https://cimaclub.online/video/watch-mosalsal-banshee-episode-8-season-4-s04e08-series-cima4u-cima4up-download-stream-moshahada-online-translated-4helal-tube_a828wn47r.html,0
http://urcima.com/%d9%85%d8%b3%d9%84%d8%b3%d9%84-%d8%a7%d9%84%d9%85%d9%88%d8%a7%d8%ac%d9%87%d8%a9-%d8%a7%d9%84%d8%ad%d9%84%d9%82%d8%a9-8-%d8%a7%d9%84%d8%ab%d8%a7%d9%85%d9%86%d8%a9/,0
https://xn--ogbwbr6be.net/?cat=-1,0
http://tv.alarab.com/v60064-_%D8%B4%D8%A7%D9%87%D8%AF_%D9%85%D8%B3%D9%84%D8%B3%D9%84_%D8%B4%D8%A7%D8%B1%D8%B9_%D8%A7%D9%84%D8%B3%D9%84%D8%A7%D9%85_%D8%A7%D9%84%D8%AC%D8%B2%D8%A1_21,0
https://basmate.men/page/3/,0
https://xn--ogbwbr6be.net/%D9%85%D8%B3%D9%84%D8%B3%D9%84-%D8%AC%D8%B3%D9%88%D8%B1-%D9%88%D8%A7%D9%84%D8%AC%D9%85%D9%8A%D9%84%D8%A9-%D8%A7%D9%84%D8%AD%D9%84%D9%82%D8%A9-88/,0
https://xn--ogbwbr6be.net/%d9%85%d8%b3%d9%84%d8%b3%d9%84-%d8%ac%d8%b3%d9%88%d8%b1-%d9%88%d8%a7%d9%84%d8%ac%d9%85%d9%8a%d9%84%d8%a9-%d8%a7%d9%84%d8%ad%d9%84%d9%82%d8%a9-78/,0
https://medium.com/p/8fb92cfe5fbf?source=user_profile---------3-------------------,0
http://www.ankawa.com/forum/index.php?topic=877372.0,0
http://www.ankawa.com/forum/index.php?topic=877055.0,0
http://www.d1g.com/forum/show/5914259,0
http://shahidline.com/episodes/vatanim-sensin-s2-11/,0
https://www.ofadate.net/2018/05/2018-11.html,0
https://www.egyshare.net/article/%D9%85%D8%B3%D9%84%D8%B3%D9%84-%D8%A7%D9%86%D8%A7-%D8%B4%D9%87%D9%8A%D8%B1%D8%A9-%D9%88%D8%A7%D9%86%D8%A7-%D8%A7%D9%84%D8%AE%D8%A7%D8%A6%D9%86-%D8%A7%D9%84%D8%AD%D9%84%D9%82%D8%A9-11-%D8%A7%D9%84%D8%AD%D8%A7%D8%AF%D9%8A%D8%A9-%D8%B9%D8%B4%D8%B1-%D8%A7%D9%88%D9%86-%D9%84%D8%A7%D9%8A%D9%86.html,0
https://www.halacima.net/article/%D9%85%D8%B3%D9%84%D8%B3%D9%84-%D8%B8%D9%84-%D8%A7%D9%84%D8%AD%D9%84%D9%85-%D8%A7%D9%84%D8%AD%D9%84%D9%82%D8%A9-11-%D8%A7%D9%84%D8%AD%D8%A7%D8%AF%D9%8A%D8%A9-%D8%B9%D8%B4%D8%B1.html,0
http://shahidline.com/episodes/kutul-amare-11/,0
https://www.4helal.tv/video/10182/watch.html,0
https://cimaclub.online/video/watch-mosalsal-orange-is-the-new-black-episode-11-season-1-s01e11-series-cima4u-cima4up-download-stream-moshahada-online-translated-4helal-tube_15q2p6kym.html,0
https://cimaclub.online/video/watch-mosalsal-the-originals-episode-11-season-2-s02e11-series-cima4u-cima4up-download-stream-moshahada-online-translated-4helal-tube_3j42o72d6.html,0
http://cimaclub.com/%d9%85%d8%b3%d9%84%d8%b3%d9%84-%d8%b9%d8%b2%d9%88%d8%aa%d9%8a-%d8%a7%d9%84%d8%ad%d9%84%d9%82%d8%a9-3-%d8%a7%d9%84%d8%ab%d8%a7%d9%84%d8%ab%d8%a9/,0
http://cima4up.tv/%d9%85%d8%b4%d8%a7%d9%87%d8%af%d8%a9-%d9%85%d8%b3%d9%84%d8%b3%d9%84-%d9%83%d8%a3%d9%86%d9%87-%d8%a5%d9%85%d8%a8%d8%a7%d8%b1%d8%ad-%d8%a7%d9%84%d8%ad%d9%84%d9%82%d8%a9-11/,0
http://www.ankawa.com/forum/index.php?topic=876780.0,0
http://vpaa.unt.edu/sites/default/files/webform/raheem-episode-11.html,0
https://www.alemny.net/63151/%D9%85%D8%B3%D9%84%D8%B3%D9%84-%D8%A7%D9%84%D9%87%D9%8A%D8%A8%D8%A9-2-%D8%A7%D9%84%D8%AD%D9%84%D9%82%D8%A9-10-%D8%A7%D9%84%D8%B9%D8%A7%D8%B4%D8%B1%D8%A9-%D9%83%D8%A7%D9%85%D9%84%D8%A9,0
https://www.dardarkom.video/watch.php?vid=e5b04e76c,0
http://www.nsaem.net/video/watch.php?vid=6ee32c030,0
http://www.nsaem.net/video/watch.php?vid=9fdc864b5,0
https://cima-tv.com/%d9%85%d8%b3%d9%84%d8%b3%d9%84-%d8%b6%d8%af-%d9%85%d8%ac%d9%87%d9%88%d9%84-%d8%a7%d9%84%d8%ad%d9%84%d9%82%d8%a9-10-%d8%a7%d9%84%d8%b9%d8%a7%d8%b4%d8%b1%d8%a9-%d8%a7%d9%88%d9%86-%d9%84%d8%a7%d9%8a/,0
https://cera.video/page/8/,0
https://www.rotana.video/watch.php?vid=34dc77b49,0
https://www.kelmeten.com/video/watch?vid=488a75d0d,0
https://cimaclub.online/video/watch-mosalsal-banshee-episode-10-season-1-s01e10-series-cima4u-cima4up-download-stream-moshahada-online-translated-4helal-tube_9vw0gtjmc.html,0
http://urcima.com/%d9%85%d8%b3%d9%84%d8%b3%d9%84-%d8%b1%d8%b3%d8%a7%d9%8a%d9%84-%d8%a7%d9%84%d8%ad%d9%84%d9%82%d8%a9-11-%d8%a7%d9%84%d8%ad%d8%a7%d8%af%d9%8a%d8%a9-%d8%b9%d8%b4%d8%b1/,0
https://medium.com/p/5ddce60c150c?source=user_profile---------2-------------------,0
https://medium.com/p/ec4dcbcc660e?source=user_profile---------2-------------------,0
https://www.mzarita.tv/video/watch.php?vid=cd3e5bb73,0
https://www.ourcima.com/video/watch.php?vid=b144c34d7,0
https://www.halacima.net/article/%D9%85%D8%B4%D8%A7%D9%87%D8%AF%D8%A9-%D9%81%D9%8A%D9%84%D9%85-%D8%AD%D8%A8%D8%A9-%D9%83%D8%B1%D8%A7%D9%85%D9%8A%D9%84-%D9%83%D8%A7%D9%85%D9%84-%D8%A7%D9%88%D9%86-%D9%84%D8%A7%D9%8A%D9%86-HD.html,0
http://aflamonlineno1.blogspot.com/2017/09/2017-hd.html,0
https://www.farfeshplus.com/Video.asp?ZoneID=950,0
https://medium.com/p/1f8079609052?source=user_profile---------2-------------------,0
https://www.alemny.net/61415/%D9%85%D8%B3%D9%84%D8%B3%D9%84-%D8%A7%D9%84%D9%88%D8%A7%D9%82-%D9%88%D8%A7%D9%82-%D8%A7%D9%84%D8%AD%D9%84%D9%82%D8%A9-7-%D8%A7%D9%84%D8%B3%D8%A7%D8%A8%D8%B9%D8%A9-%D9%83%D8%A7%D9%85%D9%84%D8%A9,0
http://mosalsalaty.website/watch.php?vid=e19532ad6,0
https://www.rotana.video/watch.php?vid=34051f62b,0
https://www.estrellamountain.edu/sites/default/files/webform/83rheem83.html,0
http://shahidline.com/episodes/cember-8/,0
https://www.shahid4clubs.com/%d9%85%d8%b3%d9%84%d8%b3%d9%84-%d8%b9%d8%b7%d8%b1-%d8%a7%d9%84%d8%b4%d8%a7%d9%85-%d8%a7%d9%84%d8%ac%d8%b2%d8%a1-%d8%a7%d9%84%d8%ab%d8%a7%d9%84%d8%ab-%d8%a7%d9%84%d8%ad%d9%84%d9%82%d8%a9-12/,0
https://www.aflmy.com/watch.php?vid=eb37c29e5,0
https://xn--ogbwbr6be.net/%D9%85%D8%B3%D9%84%D8%B3%D9%84-%D8%AC%D8%B3%D9%88%D8%B1-%D9%88%D8%A7%D9%84%D8%AC%D9%85%D9%8A%D9%84%D8%A9-%D8%A7%D9%84%D8%AD%D9%84%D9%82%D8%A9-80/,0
https://www.shahid4clubs.com/%d9%85%d8%b4%d8%a7%d9%87%d8%af%d8%a9-%d9%85%d8%b3%d9%84%d8%b3%d9%84-the-flash-%d8%a7%d9%84%d9%85%d9%88%d8%b3%d9%85-%d8%a7%d9%84%d8%b1%d8%a7%d8%a8%d8%b9-%d8%a7%d9%84%d8%ad%d9%84%d9%82%d8%a9-4/,0
https://www.estrellamountain.edu/sites/default/files/webform/82rehla71082.html,0
https://www.cimalight.com/watch.php?vid=bc9a5a0d1,0
https://www.cimalight.com/watch.php?vid=e44e2acc6,0
https://medium.com/p/607b9fdaf291?source=user_profile---------3-------------------,0
https://www.mosalsalatlive.tv/video/watch.php?vid=35a4c3ad1,0
http://www.elgmalnews.com/mnw3at/%D8%B1%D9%85%D8%B6%D8%A7%D9%86-2018/2402.html,0
https://www.rotana.video/watch.php?vid=a91fc8acd,0
https://www.halacima.net/article/%D9%85%D8%B3%D9%84%D8%B3%D9%84-%D8%AD%D9%83%D8%A7%D9%8A%D8%AA%D9%86%D8%A7-%D8%A7%D9%84%D8%AD%D9%84%D9%82%D8%A9-13-HD.html,0
https://elwatar.com/video/watch.php?vid=312a8b992,0
https://www.4helal.tv/video/series-Malika-episode-13.html,0
https://www.4helal.tv/video/series-Tayea-episode-13.html,0
https://cimaclub.online/video/watch-mosalsal-friends-episode-13-season-7-s07e13-series-cima4u-cima4up-download-stream-moshahada-online-translated-4helal-tube_02zdtqwk2.html,0
https://cimaclub.online/video/watch-mosalsal-the-originals-episode-13-season-1-s01e13-series-cima4u-cima4up-download-stream-moshahada-online-translated-4helal-tube_wmsnpv4zo.html,0
http://shahidline.com/episodes/kutul-amare-13/,0
http://urcima.com/%d9%85%d8%b3%d9%84%d8%b3%d9%84-%d8%a7%d8%a8%d9%88-%d8%b9%d9%85%d8%b1-%d8%a7%d9%84%d9%85%d8%b5%d8%b1%d9%8a-%d8%a7%d9%84%d8%ad%d9%84%d9%82%d8%a9-12-%d8%a7%d9%84%d8%ab%d8%a7%d9%86%d9%8a%d8%a9-%d8%b9/,0
https://medium.com/p/6493a7ff6c41?source=user_profile---------2-------------------,0
https://www.ourcima.com/video/watch.php?vid=0f218b130,0
https://www.alemny.net/65843/%D9%85%D8%B3%D9%84%D8%B3%D9%84-%D8%B3%D9%84%D8%B3%D8%A7%D9%84-%D8%A7%D9%84%D8%AF%D9%85-%D8%A7%D9%84%D8%AC%D8%B2%D8%A1-%D8%A7%D9%84%D8%AE%D8%A7%D9%85%D8%B3-%D8%A7%D9%84%D8%AD%D9%84%D9%82%D8%A9-15-%D9%8A%D9%88%D8%AA%D9%8A%D9%88%D8%A8-%D9%83%D8%A7%D9%85%D9%84%D8%A9,0
http://tv.alarab.com/v83262-_%D9%85%D8%B3%D9%84%D8%B3%D9%84_%D8%A7%D9%84%D8%AD%D9%8A%D8%A7%D8%A9_%D8%AD%D9%84%D9%88%D9%87_%D8%A7%D8%AD%D9%8A%D8%A7%D9%86%D8%A7_hayat_22016,0
https://trvid.com/video/%D9%85%D8%B3%D9%84%D8%B3%D9%84-%D8%B7%D8%B1%D9%8A%D9%82-%D8%A7%D9%84%D8%AD%D9%84%D9%82%D8%A9-1-%D8%A3%D9%88%D9%84-%D8%AF%D9%82%D9%8A%D9%82%D8%A9-%D8%B9%D9%84%D9%89-%D8%A7%D9%84%D9%80-%D8%B7%D8%B1%D9%8A%D9%82-Q-wy6EEOX2c.html,0
https://www.shahid4u.club/%D8%A8%D8%B1%D9%86%D8%A7%D9%85%D8%AC-%D8%A7%D9%84%D8%B5%D8%AF%D9%85%D8%A9-%D8%A7%D9%84%D8%AC%D8%B2%D8%A1-%D8%A7%D9%84%D8%AB%D8%A7%D9%84%D8%AB-%D8%A7%D9%84%D8%AD%D9%84%D9%82%D8%A9-7/,0
http://cimaclub.com/?page=595/,0
https://www.cimalight.com/watch.php?vid=e14627e9a,0
https://medium.com/p/13dc34721c89?source=user_profile---------2-------------------,0
https://urcima.com/%d9%85%d8%b3%d9%84%d8%b3%d9%84-%d8%b3%d9%84%d8%b3%d8%a7%d9%84-%d8%a7%d9%84%d8%af%d9%85-%d8%a7%d9%84%d9%85%d9%88%d8%b3%d9%85-5-%d8%a7%d9%84%d8%ad%d9%84%d9%82%d8%a9-16-%d8%a7%d9%84%d8%b3%d8%a7%d8%af/,0
https://ramdan.video/%d8%b1%d8%af-%d9%81%d8%b9%d9%84-%d8%a5%d9%8a%d9%87%d8%a7%d8%a8-%d9%81%d9%87%d9%85%d9%8a-%d8%a8%d8%b9%d8%af-%d9%83%d9%84%d8%a7%d9%85-%d9%8a%d8%a7%d8%b3%d8%b1-%d8%ac%d9%84%d8%a7%d9%84-%d8%b1%d8%ad_7ed890643.html,0
https://ramdan.video/%d8%a7%d9%84%d8%a3%d8%ae-%d8%a7%d9%84%d9%83%d8%a8%d9%8a%d8%b1-%d8%af%d8%a7%d9%8a%d9%85%d8%a7-%d9%8a%d8%ba%d9%84%d8%b3-%d8%b9%d9%84%d9%89-%d8%a3%d8%ae%d8%aa%d9%87-%d8%a7%d9%84%d8%b5%d8%ba%d9%8a%d8%b1_baac7e078.html,0
https://ramdan.video/%d9%85%d8%b3%d9%84%d8%b3%d9%84-%d8%b3%d8%a7%d8%a8%d8%b9-%d8%ac%d8%a7%d8%b1-%d8%ad%d9%86%d9%8a%d8%a9-%d8%a7%d9%84%d8%a3%d8%ae-%d9%85%d8%a7-%d8%aa%d8%aa%d8%b9%d9%88%d8%b6%d8%b4-%d9%87%d9%88-%d8%a7_8db23956f.html,0
https://ramdan.video/%d9%85%d8%b3%d9%84%d8%b3%d9%84-%d8%a7%d9%84%d8%a8%d9%8a%d8%aa-%d8%a7%d9%84%d9%83%d8%a8%d9%8a%d8%b1-l-%d8%b1%d8%af-%d9%81%d8%b9%d9%84-%d8%b2%d9%8a%d9%86%d8%a8-%d8%b9%d9%84%d9%89-%d9%85%d8%b1%d9%88_877b24d34.html,0
https://ramdan.video/%d9%85%d8%b3%d9%84%d8%b3%d9%84-%d8%a7%d9%84%d8%a8%d9%8a%d8%aa-%d8%a7%d9%84%d9%83%d8%a8%d9%8a%d8%b1-l-%d8%a7%d9%84%d8%b4%d8%ba%d8%a7%d9%84%d8%a9-%d8%b7%d9%84%d8%b9%d8%aa-%d9%85%d8%b4-%d8%b3%d9%87%d9%84_7b18b0bf6.html,0
https://ramdan.video/%d9%85%d8%b3%d9%84%d8%b3%d9%84-%d8%a7%d9%84%d8%a8%d9%8a%d8%aa-%d8%a7%d9%84%d9%83%d8%a8%d9%8a%d8%b1-l-%d8%a7%d9%84%d8%a7%d9%86%d8%aa%d9%82%d8%a7%d9%85-%d8%a8%d8%af%d8%a7-%d9%81%d9%89-%d8%a7%d9%84%d8%a8_55b062537.html,0
https://ramdan.video/%d9%85%d8%b3%d9%84%d8%b3%d9%84-%d8%a7%d9%84%d8%a8%d9%8a%d8%aa-%d8%a7%d9%84%d9%83%d8%a8%d9%8a%d8%b1-l-%d8%a7%d9%88%d9%84-%d9%85%d9%88%d8%a7%d8%ac%d9%87%d8%a9-%d8%a8%d9%8a%d9%86-%d8%b1%d9%8a%d8%aa%d8%a7_061fc0422.html,0
https://ramdan.video/%d9%85%d8%b3%d9%84%d8%b3%d9%84-%d8%a7%d9%84%d8%a8%d9%8a%d8%aa-%d8%a7%d9%84%d9%83%d8%a8%d9%8a%d8%b1-l-%d8%b4%d9%88%d9%81%d9%88%d8%a7-%d9%86%d8%af%d9%89-%d8%b9%d9%85%d9%84%d8%aa-%d8%a7%d9%8a%d9%87_3b402e1f8.html,0
https://ramdan.video/%d9%85%d8%b3%d9%84%d8%b3%d9%84-%d8%a7%d9%84%d8%a8%d9%8a%d8%aa-%d8%a7%d9%84%d9%83%d8%a8%d9%8a%d8%b1-l-%d8%ad%d8%b3%d9%86-%d9%8a%d9%86%d9%81%d8%b9%d9%84-%d8%b9%d9%84%d9%89-%d8%b4%d9%87%d8%af-%d9%88_aebd20997.html,0
https://ramdan.video/%d9%85%d8%b3%d9%84%d8%b3%d9%84-%d8%a7%d9%84%d8%a8%d9%8a%d8%aa-%d8%a7%d9%84%d9%83%d8%a8%d9%8a%d8%b1-l-%d8%b1%d9%8a%d8%aa%d8%a7%d9%84-%d8%b9%d8%b1%d9%81%d8%aa-%d8%a7%d8%b2%d8%a7%d9%89-%d8%aa%d8%ae%d9%84_b009ef09f.html,0
https://ramdan.video/%d9%85%d8%b3%d9%84%d8%b3%d9%84-%d8%a7%d9%84%d8%a8%d9%8a%d8%aa-%d8%a7%d9%84%d9%83%d8%a8%d9%8a%d8%b1-l-%d8%b9%d8%b2%d8%aa-%d9%82%d8%af%d8%b1-%d9%8a%d9%86%d8%b3%d9%89-%d8%b4%d9%87%d8%af-%d9%88%d8%b5_484c5fe6b.html,0
http://www.gdedak.tv/series/episodes-online/5662-%D9%85%D8%B3%D9%84%D8%B3%D9%84-%D9%84%D8%B9%D9%86%D8%A9-%D9%83%D8%A7%D8%B1%D9%85%D8%A7-%D8%A7%D9%84%D8%AD%D9%84%D9%82%D8%A9-11/#playVideo,0
http://www.gdedak.tv/series/episodes-online/5664-%D9%85%D8%B3%D9%84%D8%B3%D9%84-%D9%84%D8%B9%D9%86%D8%A9-%D9%83%D8%A7%D8%B1%D9%85%D8%A7-%D8%A7%D9%84%D8%AD%D9%84%D9%82%D8%A9-12/#playVideo,0
http://www.gdedak.tv/series/episodes-online/5666-%D9%85%D8%B3%D9%84%D8%B3%D9%84-%D9%84%D8%B9%D9%86%D8%A9-%D9%83%D8%A7%D8%B1%D9%85%D8%A7-%D8%A7%D9%84%D8%AD%D9%84%D9%82%D8%A9-13/#playVideo,0
http://www.gdedak.tv/series/episodes-online/5667-%D9%85%D8%B3%D9%84%D8%B3%D9%84-%D9%84%D8%B9%D9%86%D8%A9-%D9%83%D8%A7%D8%B1%D9%85%D8%A7-%D8%A7%D9%84%D8%AD%D9%84%D9%82%D8%A9-14/#playVideo,0
http://www.gdedak.tv/series/episodes-online/5668-%D9%85%D8%B3%D9%84%D8%B3%D9%84-%D9%84%D8%B9%D9%86%D8%A9-%D9%83%D8%A7%D8%B1%D9%85%D8%A7-%D8%A7%D9%84%D8%AD%D9%84%D9%82%D8%A9-15/#playVideo,0
http://www.gdedak.tv/series/episodes-online/5669-%D9%85%D8%B3%D9%84%D8%B3%D9%84-%D9%84%D8%B9%D9%86%D8%A9-%D9%83%D8%A7%D8%B1%D9%85%D8%A7-%D8%A7%D9%84%D8%AD%D9%84%D9%82%D8%A9-16/#playVideo,0
http://www.gdedak.tv/series/episodes-online/5612-%D9%85%D8%B3%D9%84%D8%B3%D9%84-%D8%A7%D8%A8%D9%88-%D8%B9%D9%85%D8%B1-%D8%A7%D9%84%D9%85%D8%B5%D8%B1%D9%8A-%D8%A7%D9%84%D8%AD%D9%84%D9%82%D8%A9-10/#playVideo,0
http://www.gdedak.tv/series/episodes-online/5613-%D9%85%D8%B3%D9%84%D8%B3%D9%84-%D8%A7%D8%A8%D9%88-%D8%B9%D9%85%D8%B1-%D8%A7%D9%84%D9%85%D8%B5%D8%B1%D9%8A-%D8%A7%D9%84%D8%AD%D9%84%D9%82%D8%A9-11/#playVideo,0
http://www.gdedak.tv/series/episodes-online/5615-%D9%85%D8%B3%D9%84%D8%B3%D9%84-%D8%A7%D8%A8%D9%88-%D8%B9%D9%85%D8%B1-%D8%A7%D9%84%D9%85%D8%B5%D8%B1%D9%8A-%D8%A7%D9%84%D8%AD%D9%84%D9%82%D8%A9-12/#playVideo,0
http://www.gdedak.tv/series/episodes-online/5619-%D9%85%D8%B3%D9%84%D8%B3%D9%84-%D8%A7%D8%A8%D9%88-%D8%B9%D9%85%D8%B1-%D8%A7%D9%84%D9%85%D8%B5%D8%B1%D9%8A-%D8%A7%D9%84%D8%AD%D9%84%D9%82%D8%A9-13/#playVideo,0
http://www.gdedak.tv/series/episodes-online/5624-%D9%85%D8%B3%D9%84%D8%B3%D9%84-%D8%A7%D8%A8%D9%88-%D8%B9%D9%85%D8%B1-%D8%A7%D9%84%D9%85%D8%B5%D8%B1%D9%8A-%D8%A7%D9%84%D8%AD%D9%84%D9%82%D8%A9-14/#playVideo,0
http://www.gdedak.tv/series/episodes-online/5625-%D9%85%D8%B3%D9%84%D8%B3%D9%84-%D8%A7%D8%A8%D9%88-%D8%B9%D9%85%D8%B1-%D8%A7%D9%84%D9%85%D8%B5%D8%B1%D9%8A-%D8%A7%D9%84%D8%AD%D9%84%D9%82%D8%A9-15/#playVideo,0
http://urcima.com/%d9%85%d8%b3%d9%84%d8%b3%d9%84-%d8%b3%d9%83-%d8%b9%d9%84%d9%89-%d8%a7%d8%ae%d9%88%d8%a7%d8%aa%d9%83-%d8%a7%d9%84%d8%ad%d9%84%d9%82%d8%a9-16-%d8%a7%d9%84%d8%b3%d8%a7%d8%af%d8%b3%d8%a9-%d8%b9%d8%b4/,0
https://medium.com/p/b33be08b6c3?source=user_profile---------2-------------------,0
http://www.ankawa.com/forum/index.php?topic=878916.0,0
https://cera.video/mosalsal-raheem-alhalqa-episode-11-shahid-net-watch-arabic-moshahda-download-tahmel-mbc-drama-al-nahar-cbc-video.html,0
https://aflamix.online/tag/%D9%85%D8%B4%D8%A7%D9%87%D8%AF%D8%A9-%D9%81%D9%8A%D9%84%D9%85-overboard-2018-%D9%85%D8%AA%D8%B1%D8%AC%D9%85-%D8%A7%D9%88%D9%86%D9%84%D8%A7%D9%8A%D9%86,0
https://aflamonlineno1.blogspot.com/2017/09/2017-hd.html,0
https://www.halacima.net/online/%D9%85%D8%B4%D8%A7%D9%87%D8%AF%D8%A9-%D9%81%D9%8A%D9%84%D9%85-%D8%A7%D9%84%D8%A8%D8%AF%D9%84%D8%A9-%D9%83%D8%A7%D9%85%D9%84-%D8%A7%D9%88%D9%86-%D9%84%D8%A7%D9%8A%D9%86-HD.html,0
https://www.halacima.net/article/%D9%85%D8%B4%D8%A7%D9%87%D8%AF%D8%A9-%D9%81%D9%8A%D9%84%D9%85-%D8%A7%D9%84%D8%A8%D8%AF%D9%84%D8%A9-%D9%83%D8%A7%D9%85%D9%84-%D8%A7%D9%88%D9%86-%D9%84%D8%A7%D9%8A%D9%86-HD.html,0
https://www.kelmeten.com/video/watch?vid=8874a96db,0
http://mosalsalaty.website/index.php,0
https://medium.com/p/d9cc69cd0db?source=user_profile---------9-------------------,0
https://www.kolo.video/watch.php?vid=5e35a67bf,0
https://www.kolo.video/watch.php?vid=c55b056d0,0
https://www.4helal.tv/video/7991/watch.html,0
https://www.4helal.tv/video/15791/watch.html,0
http://cimaclub.com/?page=601/,0
https://xn--ogbwbr6be.net/series/%d9%85%d8%b3%d9%84%d8%b3%d9%84-%d9%82%d9%8a%d8%a7%d9%85%d8%a9-%d8%a7%d8%b1%d8%b7%d8%ba%d8%b1%d9%84/,0
https://medium.com/p/4b611998397b?source=user_profile---------2-------------------,0
http://tv.alarab.com/v95859-_%D8%AD%D9%84%D9%82%D8%A9_14_%D8%B7%D8%A7%D9%8A%D8%B9_HD_%D8%B1%D9%85%D8%B6%D8%A7%D9%86_142018,0
http://transitionprograms.gatech.edu/sites/default/files/webform/raheem-on-today.html,0
https://cera.video/mosalsal-al-asouf-alhalqa-episode-14-shahid-net-watch-arabic-moshahda-download-tahmel-mbc-drama-al-nahar-cbc-video.html,0
http://www.youbox7.com/video-b6dfe46aa.html,0
https://www.kolo.video/watch.php?vid=f1b398636,0
https://egybom.com/%d9%85%d8%b4%d8%a7%d9%87%d8%af%d8%a9-%d9%85%d8%b3%d9%84%d8%b3%d9%84-the-great-seducer-%d8%a7%d9%84%d8%ad%d9%84%d9%82%d8%a9-14-%d8%a7%d9%88%d9%86-%d9%84%d8%a7%d9%8a%d9%86/,0
https://medium.com/p/ca83c989b66d?source=user_profile---------2-------------------,0
http://medium.com/p/bc03bf7f4056?source=user_profile---------7-------------------,0
https://cera.video/mosalsal-sok-ala-ekhwatak-alhalqa-episode-15-shahid-net-watch-arabic-moshahda-download-tahmel-mbc-drama-al-nahar-cbc-video.html,0
http://mslslat.typepad.com/ro0o0oteen.html,0
http://www.nasuad.org/sites/nasuad/files/raheem-on-cbc.html,0
https://www.kolo.video/watch.php?vid=4ccdd51e7,0
http://belarabe.com/2018/05/31/%D8%AA%D8%AD%D9%85%D9%8A%D9%84-%D9%88-%D9%85%D8%B4%D8%A7%D9%87%D8%AF%D8%A9-%D9%85%D8%B3%D9%84%D8%B3%D9%84-%D9%86%D8%B3%D8%B1-%D8%A7%D9%84%D8%B5%D8%B9%D9%8A%D8%AF-%D8%A7%D9%84%D8%AD%D9%84%D9%82-13/,0
https://www.rotana.video/randomizer.php,0
https://www.taslyia.me/video/aca7bf828,0
https://medium.com/p/f4881ac18662?source=user_profile---------2-------------------,0
https://www.indstate.edu/cas/sites/arts.indstate.edu/files/mslsl-rhym-alhlqt-5.html,0
https://egybom.com/%d9%85%d8%b4%d8%a7%d9%87%d8%af%d8%a9-%d9%85%d8%b3%d9%84%d8%b3%d9%84-s-w-a-t-%d8%a7%d9%84%d9%85%d9%88%d8%b3%d9%85-%d8%a7%d9%84%d8%a7%d9%88%d9%84-%d8%a7%d9%84%d8%ad%d9%84%d9%82%d8%a9-12-%d9%85%d8%aa/,0
http://mosalsalaty.website/watch.php?vid=90341b8ee,0
http://medium.com/p/a6ac7da77ee2?source=user_profile---------2-------------------,0
http://shahidline.com/episodes/cukur-15/,0
https://medium.com/p/15a035755268?source=user_profile---------3-------------------,0
https://support.perkspot.com/hc/en-us/community/posts/360009512791,0
https://onehopeunited.zendesk.com/hc/en-us/community/posts/360009589771-%D8%B4%D8%A7%D9%87%D8%AF-%D9%86%D8%AA-%D8%A7%D9%84%D8%A7%D9%86-%D9%85%D8%B3%D9%84%D8%B3%D9%84-%D8%B7%D8%B1%D9%8A%D9%82-%D8%A7%D9%84%D8%AD%D9%84%D9%82%D8%A9-17-%D8%AC%D9%88%D8%AF%D8%A9-%D9%81%D8%A7%D8%A6%D9%82%D8%A9-FULLHD,0
http://www.ankawa.com/forum/index.php?topic=878644.0,0
https://cera.video/mosalsal-30-layla-we-layla-alhalqa-episode-17-shahid-net-watch-arabic-moshahda-download-tahmel-mbc-drama-al-nahar-cbc-video.html,0
https://www.elrdar.com/video/watch.php?vid=b6c4b6e35,0
https://www.kolo.video/watch.php?vid=c55b056d0,0
http://yoyofilm.mam9.com/t6928-topic,0
https://eshq4drama.tv/%D9%85%D8%B4%D8%A7%D9%87%D8%AF%D8%A9-%D9%85%D8%B3%D9%84%D8%B3%D9%84-%D8%B9%D8%B2%D9%88%D8%AA%D9%8A-%D8%A7%D9%84%D8%AD%D9%84%D9%82%D8%A9-17-%D8%A7%D9%84%D8%B3%D8%A7%D8%A8%D8%B9%D8%A9-%D8%B9%D8%B4%D8%B1/,0
https://enjoy.tube/watch/404/%D9%85%D8%B3%D9%84%D8%B3%D9%84-%D8%AE%D9%81%D8%A9-%D9%8A%D8%AF-%D8%A7%D9%84%D8%AD%D9%84%D9%82%D8%A9-17,0
https://www.musalsalt.com/watch.php?vid=9aae42b19,0
http://shahidline.com/episodes/dirilis-ertugrul-17/,0
http://www.nsaem.net/video/watch.php?vid=ffc5a51a1,0
https://www.rotana.video/watch.php?vid=8fe87cd70,0
https://www.halacima.net/article/%D9%85%D8%B3%D9%84%D8%B3%D9%84-%D8%A7%D9%84%D8%AD%D9%81%D8%B1%D8%A9-%D8%A7%D9%84%D8%AD%D9%84%D9%82%D8%A9-17-%D9%85%D8%AA%D8%B1%D8%AC%D9%85%D8%A9.html,0
http://tv.alarab.com/v58469-_%d8%b4%d8%a7%d9%87%d8%af_%d9%85%d8%b3%d9%84%d8%b3%d9%84_%d9%81%d8%aa%d8%aa_%d9%84%d8%b9%d8%a8%d8%aa_%d8%b3%d9%88%d8%b1%d9%8a_1720132013,0
http://shahid4u.tv/page/5,0
https://cera.video/mosalsal-ayoub-alhalqa-episode-16-shahid-net-watch-arabic-moshahda-download-tahmel-mbc-drama-al-nahar-cbc-video.html,0
https://medium.com/p/b840ee85c416?source=user_profile---------2-------------------,0
https://medium.com/p/539e4093519d?source=user_profile---------2-------------------,0
https://medium.com/p/91eaac82f172?source=user_profile---------2-------------------,0
http://www.youbox7.com/channel-mosalsalat-ramadan-2018-videos-1-date.html,0
https://medium.com/p/13a6ef97da58?source=user_profile---------7-------------------,0
https://medium.com/p/3329195087e3?source=user_profile---------2-------------------,0
http://www.ankawa.com/forum/index.php?topic=878290.0,0
https://www.indstate.edu/cas/sites/arts.indstate.edu/files/mslsl-rhim-6.html,0
http://mosalsalaty.website/watch.php?vid=d4f3a7dcc,0
https://panet.ma/video/%D8%AD%D8%AF%D9%88%D8%AA%D8%A9-%D8%AD%D8%A8-%D8%A7%D9%84%D8%B4%D9%87%D8%B1-%D8%A7%D9%84%D8%B3%D8%A7%D8%A8%D8%B9-%D8%A7%D9%84%D8%AD%D9%84%D9%82%D8%A9-10/,0
https://www.kolo.video/watch.php?vid=055bf54f4,0
http://lord.webdepotspace.com/video/id_aVaw3vRk3I0,0
https://urcima.com/%d9%85%d8%b3%d9%84%d8%b3%d9%84-%d9%86%d8%b3%d8%b1-%d8%a7%d9%84%d8%b5%d8%b9%d9%8a%d8%af-%d8%a7%d9%84%d8%ad%d9%84%d9%82%d8%a9-17-%d8%a7%d9%84%d8%b3%d8%a7%d8%a8%d8%b9%d8%a9-%d8%b9%d8%b4%d8%b1/,0
https://ramdan.video/%d9%85%d8%b3%d9%84%d8%b3%d9%84-%d8%a7%d9%84%d8%a8%d9%8a%d8%aa-%d8%a7%d9%84%d9%83%d8%a8%d9%8a%d8%b1-l-%d9%83%d8%b1%d9%8a%d9%85%d8%a9-%d8%a8%d8%af%d8%a7%d8%aa-%d8%b4%d8%ae%d8%b5%d9%8a%d8%aa%d9%87%d8%a7_16f866f21.html,0
https://ramdan.video/%d9%85%d8%b3%d9%84%d8%b3%d9%84-%d8%a7%d9%84%d8%a8%d9%8a%d8%aa-%d8%a7%d9%84%d9%83%d8%a8%d9%8a%d8%b1-l-%d8%ac%d8%a8%d8%b1%d9%8a%d8%a9-%d8%b9%d8%b1%d9%81%d8%aa-%d8%b3%d8%b1-%d9%85%d8%b1%d9%88%d8%a7%d9%86_2ef8e6480.html,0
https://ramdan.video/%d8%ad%d8%b3%d9%86-%d8%ad%d8%b3%d9%86%d9%8a-%d8%b9%d8%b1%d9%81-%d9%82%d8%b5%d8%a9-%d8%ae%d8%b7%d9%81-%d8%a8%d8%b3%d9%85%d8%a9-%d9%8a%d8%a7%d8%aa%d8%b1%d9%89-%d9%87%d9%8a%d8%b9%d9%85%d9%84-%d8%a7_b4e61b5b8.html,0
https://ramdan.video/%d9%85%d9%87%d8%ac%d8%a9-%d8%ad%d8%a7%d9%85%d9%84-%d9%81%d9%8a-%d8%a7%d9%84%d8%b4%d9%87%d8%b1-%d8%a7%d9%84%d8%aa%d8%a7%d9%86%d9%8a-%d9%8a%d8%a7%d8%aa%d8%b1%d9%8a-%d8%a7%d9%84%d8%b1%d9%8a%d8%b3_0492175eb.html,0
https://ramdan.video/%d8%a7%d9%84%d8%b4%d8%a7%d8%b1%d8%b9-%d8%a7%d9%84%d9%84%d9%8a-%d9%88%d8%b1%d8%a7%d9%86%d8%a7-%d9%8a%d8%a7%d8%aa%d8%b1%d9%89-%d8%b3%d8%a7%d9%85%d8%ad-%d9%87%d9%8a%d9%82%d8%af%d8%b1-%d9%8a%d9%88%d8%b5_44e7778f9.html,0
https://ramdan.video/%d8%a7%d9%84%d8%b4%d8%a7%d8%b1%d8%b9-%d8%a7%d9%84%d9%84%d9%8a-%d9%88%d8%b1%d8%a7%d9%86%d8%a7-%d9%88%d8%b3%d8%b7-%d8%a7%d9%84%d8%ba%d9%85%d9%88%d8%b6-%d9%88%d8%a7%d9%84%d8%a3%d8%ad%d8%af%d8%a7%d8%ab_2d14c2f51.html,0
https://ramdan.video/%d9%84%d9%88-%d8%b1%d8%a3%d9%8a%d9%86%d8%a7%d9%87-30-05-2018%d8%a8%d8%b1%d9%86%d8%a7%d9%85%d8%ac-%d9%84%d9%88-%d8%b1%d8%a3%d9%8a%d9%86%d8%a7%d9%87-%d9%85%d8%b9-%d8%a7%d9%84%d8%af%d8%a7%d8%b9%d9%8a_a4e787a81.html,0
http://www.gdedak.tv/series/episodes-online/5801-%D9%85%D8%B3%D9%84%D8%B3%D9%84-%D8%B6%D8%AF-%D9%85%D8%AC%D9%87%D9%88%D9%84-%D8%A7%D9%84%D8%AD%D9%84%D9%82%D8%A9-16/#playVideo,0
http://www.gdedak.tv/series/episodes-online/5851-%D9%85%D8%B3%D9%84%D8%B3%D9%84-%D8%B6%D8%AF-%D9%85%D8%AC%D9%87%D9%88%D9%84-%D8%A7%D9%84%D8%AD%D9%84%D9%82%D8%A9-17/#playVideo,0
http://www.gdedak.tv/series/episodes-online/5800-%D9%85%D8%B3%D9%84%D8%B3%D9%84-%D9%84%D9%8A%D8%A7%D9%84%D9%8A-%D8%A7%D9%88%D8%AC%D9%8A%D9%86%D9%8A-%D8%A7%D9%84%D8%AD%D9%84%D9%82%D8%A9-16/#playVideo,0
http://www.gdedak.tv/series/episodes-online/5847-%D9%85%D8%B3%D9%84%D8%B3%D9%84-%D9%84%D9%8A%D8%A7%D9%84%D9%8A-%D8%A7%D9%88%D8%AC%D9%8A%D9%86%D9%8A-%D8%A7%D9%84%D8%AD%D9%84%D9%82%D8%A9-17/#playVideo,0
http://www.gdedak.tv/series/episodes-online/5810-%D9%85%D8%B3%D9%84%D8%B3%D9%84-%D9%84%D8%B9%D9%86%D8%A9-%D9%83%D8%A7%D8%B1%D9%85%D8%A7-%D8%A7%D9%84%D8%AD%D9%84%D9%82%D8%A9-17/#playVideo,0
http://www.gdedak.tv/series/episodes-online/5858-%D9%85%D8%B3%D9%84%D8%B3%D9%84-%D9%84%D8%B9%D9%86%D8%A9-%D9%83%D8%A7%D8%B1%D9%85%D8%A7-%D8%A7%D9%84%D8%AD%D9%84%D9%82%D8%A9-18/#playVideo,0
http://www.gdedak.tv/series/episodes-online/5803-%D9%85%D8%B3%D9%84%D8%B3%D9%84-%D8%A7%D8%A8%D9%88-%D8%B9%D9%85%D8%B1-%D8%A7%D9%84%D9%85%D8%B5%D8%B1%D9%8A-%D8%A7%D9%84%D8%AD%D9%84%D9%82%D8%A9-16/#playVideo,0
http://www.gdedak.tv/series/episodes-online/5848-%D9%85%D8%B3%D9%84%D8%B3%D9%84-%D8%A7%D8%A8%D9%88-%D8%B9%D9%85%D8%B1-%D8%A7%D9%84%D9%85%D8%B5%D8%B1%D9%8A-%D8%A7%D9%84%D8%AD%D9%84%D9%82%D8%A9-17/#playVideo,0
http://urcima.com/%d9%85%d8%b3%d9%84%d8%b3%d9%84-%d8%ae%d8%b0%d9%8a%d8%aa-%d9%85%d9%86-%d8%b9%d9%85%d8%b1%d9%8a-%d9%88%d8%b9%d8%b7%d9%8a%d8%aa-%d8%a7%d9%84%d8%ad%d9%84%d9%82%d8%a9-17-%d8%a7%d9%84%d8%b3%d8%a7%d8%a8/,0
http://aflam4u.net/%d9%85%d8%b1%d8%a7%d8%ac%d8%b9%d8%a9-%d9%86%d9%87%d8%a7%d8%a6%d9%8a%d8%a9-%d9%84%d8%ba%d8%a9-%d8%b9%d8%b1%d8%a8%d9%8a%d8%a9-3-%d8%ab%d8%a7%d9%86%d9%88%d9%8a-2018_eab64a13c.html,0
http://www.series4watch.online/vis-a-vis-%d8%a7%d9%84%d9%85%d9%88%d8%b3%d9%85-%d8%a7%d9%84%d8%a7%d9%88%d9%84-%d8%a7%d9%84%d8%ad%d9%84%d9%82%d8%a9-3/,0
https://www.cimalight.com/watch.php?vid=57e3055d1,0
https://video.almstba.tv/,0
https://www.rotana.video/category.php?cat=ramadan-series,0
https://www.kolo.video/watch.php?vid=9fd6bef19,0
https://www.kolo.video/watch.php?vid=19a1e765c,0
https://www.shahid4clubs.com/%d9%85%d8%b3%d9%84%d8%b3%d9%84-%d8%b9%d9%85%d8%b1-%d8%a7%d9%84%d8%ad%d9%84%d9%82%d8%a9-2-%d8%a7%d9%84%d8%ab%d8%a7%d9%86%d9%8a%d8%a9-%d9%8a%d9%88%d8%aa%d9%8a%d9%88%d8%a8-hd-%d8%a7%d9%88%d9%86-%d9%84/,0
https://mousallsalat.blogspot.com/2017/08/30.html,0
https://onehopeunited.zendesk.com/hc/en-us/community/posts/360009693532,0
http://www.ankawa.com/forum/index.php?topic=880047.0,0
https://cera.video/mosalsal-sok-ala-ekhwatak-alhalqa-episode-20-shahid-net-watch-arabic-moshahda-download-tahmel-mbc-drama-al-nahar-cbc-video.html,0
https://www.kolo.video/watch.php?vid=3bd466a71,0
https://www.primecontrols.com/sites/default/files/webform/raheem-ep20.html,0
https://onehopeunited.zendesk.com/hc/en-us/community/posts/360009803491,0
http://www.bshwat.com/video/watch.php?vid=6b6ab5dfb,0
https://cera.video/mosalsal-sok-ala-ekhwatak-alhalqa-episode-19-shahid-net-watch-arabic-moshahda-download-tahmel-mbc-drama-al-nahar-cbc-video.html,0
https://www.kolo.video/watch.php?vid=16b72c697,0
http://lord.webdepotspace.com/video/id_3w0NWXEDWnY,0
https://www.projectlibre.com/event/hdtv-show-love-island-australia-2018-live-stream-season-1,0
https://onehopeunited.zendesk.com/hc/en-us/community/posts/360010333791,0
https://cera.video/mosalsal-light-hand-alhalqa-episode-21-shahid-net-watch-arabic-moshahda-download-tahmel-mbc-drama-al-nahar-cbc-video.html,0
http://cimaclub.com/%D9%85%D8%B3%D9%84%D8%B3%D9%84-%D8%B9%D8%B2%D9%88%D8%AA%D9%8A-%D8%A7%D9%84%D8%AD%D9%84%D9%82%D8%A9-21-%D8%A7%D9%84%D8%AD%D8%A7%D8%AF%D9%8A%D8%A9-%D9%88%D8%A7%D9%84%D8%B9%D8%B4%D8%B1%D9%88%D9%86/,0
http://tv1.alarab.com/v86256-_%D9%85%D8%B3%D9%84%D8%B3%D9%84_%D8%A7%D9%86%D8%AA_%D9%88%D8%B7%D9%86%D9%8A_Vatan%C4%B1m_212017,0
https://www.tvnachat.net/series/3897/mosalsal-3azwty-ep-21,0
http://eshq4drama.tv/%D9%85%D8%B4%D8%A7%D9%87%D8%AF%D8%A9-%D9%85%D8%B3%D9%84%D8%B3%D9%84-%D8%B9%D8%B2%D9%88%D8%AA%D9%8A-%D8%A7%D9%84%D8%AD%D9%84%D9%82%D8%A9-21-%D8%A7%D9%84%D9%88%D8%A7%D8%AD%D8%AF%D8%A9-%D9%88%D8%A7%D9%84/,0
https://enjoy.tube/watch/507/%D9%85%D8%B3%D9%84%D8%B3%D9%84-%D8%B3%D9%83-%D8%B9%D9%84%D9%89-%D8%A7%D8%AE%D9%88%D8%A7%D8%AA%D9%83-%D8%A7%D9%84%D8%AD%D9%84%D9%82%D8%A9-21,0
http://elshra.online/watch.php?vid=2de8653b8,0
http://etrackarch.co.uk/video/series-Tayea-episode-21.html,0
http://motamemservice.com/eg/Story/Details/43225162,0
https://library.upei.ca/sites/library.upei.ca/files/webform/reserves/r7e3m18.html,0
https://www.kolo.video/watch.php?vid=f7712a4e0,0
http://cimaclub.com/%d9%85%d8%b3%d9%84%d8%b3%d9%84-%d8%a3%d9%86%d8%a7-%d8%b4%d9%87%d9%8a%d8%b1%d8%a9-%d9%88%d8%a3%d9%86%d8%a7-%d8%a7%d9%84%d8%ae%d8%a7%d8%a6%d9%86-%d8%a7%d9%84%d8%ad%d9%84%d9%82%d8%a9-21-%d8%a7%d9%84/,0
http://shahidline.com/episodes/iinaa-shahirat-wa-iinaa-alkhayin-21/,0
http://shahidline.com/episodes/bizim-hikaye-21/,0
http://cimaclub.com/%d9%85%d8%b3%d9%84%d8%b3%d9%84-%d9%83%d9%84%d8%a7%d9%85-%d8%a7%d8%b5%d9%81%d8%b1-%d8%a7%d9%84%d8%ad%d9%84%d9%82%d8%a9-21-%d8%a7%d9%84%d8%ad%d8%a7%d8%af%d9%8a%d8%a9-%d9%88%d8%a7%d9%84%d8%b9%d8%b4%d8%b1/,0
https://www.4helal.tv/video/series-Tayea-episode-21.html,0
https://www.egyshare.net/article/%D9%85%D8%B3%D9%84%D8%B3%D9%84-%D8%A7%D9%86%D8%A7-%D8%B4%D9%87%D9%8A%D8%B1%D8%A9-%D9%88%D8%A7%D9%86%D8%A7-%D8%A7%D9%84%D8%AE%D8%A7%D8%A6%D9%86-%D8%A7%D9%84%D9%85%D9%88%D8%B3%D9%85-2-%D8%A7%D9%84%D8%AD%D9%84%D9%82%D8%A9-21-%D8%A7%D9%84%D8%AD%D8%A7%D8%AF%D9%8A%D8%A9-%D9%88%D8%A7%D9%84%D8%B9%D8%B4%D8%B1%D9%88%D9%86.html,0
http://wakionline.com/uncategorized/52711.html,0
https://www.taslyia.me/video/665cca960,0
https://www.taslyia.me/video/6bf5924fc,0
http://mosalsalaty.website/watch.php?vid=285a0bddb,0
https://www.unic.ac.cy/sites/default/files/webform/wanderlust2018/raheem-20.html,0
http://www.wakionline.com/art/147717.html,0
http://www.wakionline.com/art/147716.html,0
https://www.unic.ac.cy/sites/default/files/webform/wanderlust2018/rhym_lhlq_21.html,0
https://cera.video/mosalsal-selsal-el-dam-season-5-alhalqa-episode-21-shahid-net-watch-arabic-moshahda-download-tahmel-mbc-drama-al-nahar-cbc-video.html,0
https://qissat.video/watch.php?vid=a252b0e46,0
http://ror01.d1g.com/forum/show/5917297,0
http://aflamonlinee.online/%d9%85%d8%b3%d9%84%d8%b3%d9%84-%d8%ad%d8%b1%d9%8a%d9%85-%d8%a7%d9%84%d8%b4%d8%a7%d9%88%d9%8a%d8%b4-%d8%a7%d9%84%d8%ad%d9%84%d9%82%d8%a9-3-%d8%a7%d9%84%d8%ab%d8%a7%d9%84%d8%ab%d8%a9/,0
http://aflamonlinee.online/%d9%85%d8%b3%d9%84%d8%b3%d9%84-%d8%b9%d9%88%d8%a7%d9%84%d9%85-%d8%ae%d9%81%d9%8a%d8%a9-%d8%a7%d9%84%d8%ad%d9%84%d9%82%d8%a9-11-%d8%a7%d9%84%d8%ad%d8%a7%d8%af%d9%8a%d8%a9-%d8%b9%d8%b4%d8%b1/,0
http://aflamonlinee.online/%d9%85%d8%b3%d9%84%d8%b3%d9%84-%d8%aa%d8%a7%d9%86%d8%ba%d9%88-%d8%a7%d9%84%d8%ad%d9%84%d9%82%d8%a9-1-%d8%a7%d9%84%d8%a7%d9%88%d9%84%d9%89/,0
http://aflamonlinee.online/%d9%85%d8%b3%d9%84%d8%b3%d9%84-%d8%a3%d8%a8%d9%88-%d8%b9%d9%85%d8%b1-%d8%a7%d9%84%d9%85%d8%b5%d8%b1%d9%8a-%d8%a7%d9%84%d8%ad%d9%84%d9%82%d8%a9-13-%d8%a7%d9%84%d8%ab%d8%a7%d9%84%d8%ab%d8%a9-%d8%b9/,0
http://aflamonlinee.online/%d9%85%d8%b3%d9%84%d8%b3%d9%84-%d8%aa%d8%a7%d9%86%d8%ba%d9%88-%d8%a7%d9%84%d8%ad%d9%84%d9%82%d8%a9-4-%d8%a7%d9%84%d8%b1%d8%a7%d8%a8%d8%b9%d8%a9/,0
http://aflamonlinee.online/%d9%85%d8%b3%d9%84%d8%b3%d9%84-%d8%b9%d9%88%d8%b6-%d8%a7%d8%a8%d8%a7-%d8%b9%d9%86-%d8%ac%d8%af-%d8%a7%d9%84%d8%ad%d9%84%d9%82%d8%a9-6-%d8%a7%d9%84%d8%b3%d8%a7%d8%af%d8%b3%d8%a9/,0
http://aflamonlinee.online/%d9%85%d8%b3%d9%84%d8%b3%d9%84-%d8%a7%d9%84%d9%85%d9%87%d9%84%d8%a8-%d8%a7%d9%84%d8%ad%d9%84%d9%82%d8%a9-2-%d8%a7%d9%84%d8%ab%d8%a7%d9%86%d9%8a%d8%a9/,0
http://aflamonlinee.online/%d9%85%d8%b3%d9%84%d8%b3%d9%84-%d8%a7%d9%84%d9%88%d8%a7%d9%82-%d9%88%d8%a7%d9%82-%d8%a7%d9%84%d8%ad%d9%84%d9%82%d8%a9-9-%d8%a7%d9%84%d8%aa%d8%a7%d8%b3%d8%b9%d8%a9/,0
http://aflamonlinee.online/%d9%85%d8%b3%d9%84%d8%b3%d9%84-%d9%88%d9%85%d8%b4%d9%8a%d8%aa-%d8%a7%d9%84%d8%ad%d9%84%d9%82%d8%a9-3-%d8%a7%d9%84%d8%ab%d8%a7%d9%84%d8%ab%d8%a9/,0
http://aflamonlinee.online/%d9%85%d8%b3%d9%84%d8%b3%d9%84-%d9%83%d9%84%d8%a8%d8%b4-%d8%a7%d9%84%d8%ac%d8%b2%d8%a1-%d8%a7%d9%84%d8%ab%d8%a7%d9%86%d9%8a-%d8%a7%d9%84%d8%ad%d9%84%d9%82%d8%a9-12-%d8%a7%d9%84%d8%ab%d8%a7%d9%86-2/,0
http://aflamonlinee.online/%d9%85%d8%b3%d9%84%d8%b3%d9%84-%d8%ad%d8%af%d9%88%d8%aa%d8%a9-%d8%ad%d8%a8-%d8%a7%d9%84%d8%ad%d9%84%d9%82%d8%a9-3-%d8%a7%d9%84%d8%ab%d8%a7%d9%84%d8%ab%d8%a9/,0
http://aflamonlinee.online/%d9%85%d9%85%d9%86%d9%88%d8%b9-%d8%a7%d9%84%d8%a7%d9%82%d8%aa%d8%b1%d8%a7%d8%a8-%d8%a3%d9%88-%d8%a7%d9%84%d8%aa%d8%b5%d9%88%d9%8a%d8%b1-%d8%a7%d9%84%d8%ad%d9%84%d9%82%d8%a9-6/,0
http://aflamonlinee.online/%d9%85%d8%b3%d9%84%d8%b3%d9%84-%d9%84%d8%b9%d9%86%d8%a9-%d9%83%d8%a7%d8%b1%d9%85%d8%a7-%d8%a7%d9%84%d8%ad%d9%84%d9%82%d8%a9-6-%d8%a7%d9%84%d8%b3%d8%a7%d8%af%d8%b3%d8%a9/,0
http://aflamonlinee.online/%d9%85%d8%b3%d9%84%d8%b3%d9%84-%d8%a7%d9%84%d9%83%d8%a7%d8%a8%d8%aa%d9%86-%d8%b9%d8%b2%d9%88%d8%b2-%d8%a7%d9%84%d8%ad%d9%84%d9%82%d8%a9-1-%d8%a7%d9%84%d8%a7%d9%88%d9%84%d9%8a/,0
http://aflamonlinee.online/%d9%85%d8%b3%d9%84%d8%b3%d9%84-%d9%81%d9%88%d9%82-%d8%a7%d9%84%d8%b3%d8%ad%d8%a7%d8%a8-%d8%a7%d9%84%d8%ad%d9%84%d9%82%d8%a9-6-%d8%a7%d9%84%d8%b3%d8%a7%d8%af%d8%b3%d8%a9/,0
http://aflamonlinee.online/%d9%85%d8%b3%d9%84%d8%b3%d9%84-%d8%a7%d9%84%d9%83%d8%a7%d8%a8%d8%aa%d9%86-%d8%b9%d8%b2%d9%88%d8%b2-%d8%a7%d9%84%d8%ad%d9%84%d9%82%d8%a9-12-%d8%a7%d9%84%d8%ab%d8%a7%d9%86%d9%8a%d8%a9-%d8%b9%d8%b4%d8%b1/,0
http://aflamonlinee.online/%d9%85%d8%b3%d9%84%d8%b3%d9%84-%d8%a7%d9%84%d9%85%d9%88%d8%a7%d8%ac%d9%87%d8%a9-%d8%a7%d9%84%d8%ad%d9%84%d9%82%d8%a9-12-%d8%a7%d9%84%d8%ab%d8%a7%d9%86%d9%8a%d8%a9-%d8%b9%d8%b4%d8%b1/,0
http://aflamonlinee.online/%d9%85%d8%b3%d9%84%d8%b3%d9%84-%d9%88%d9%85%d8%b4%d9%8a%d8%aa-%d8%a7%d9%84%d8%ad%d9%84%d9%82%d8%a9-2-%d8%a7%d9%84%d8%ab%d8%a7%d9%86%d9%8a%d8%a9/,0
http://aflamonlinee.online/%d9%85%d8%b3%d9%84%d8%b3%d9%84-%d8%ac%d9%88%d9%84%d9%8a%d8%a7-%d8%a7%d9%84%d8%ad%d9%84%d9%82%d8%a9-9-%d8%a7%d9%84%d8%aa%d8%a7%d8%b3%d8%b9%d8%a9/,0
http://aflamonlinee.online/%d9%85%d8%b3%d9%84%d8%b3%d9%84-%d8%a7%d9%84%d9%88%d8%b5%d9%8a%d8%a9-%d8%a7%d9%84%d8%ad%d9%84%d9%82%d8%a9-4-%d8%a7%d9%84%d8%b1%d8%a7%d8%a8%d8%b9%d8%a9/,0
http://aflamonlinee.online/%d9%85%d8%b3%d9%84%d8%b3%d9%84-%d8%a7%d9%84%d9%85%d9%87%d9%84%d8%a8-%d8%a7%d9%84%d8%ad%d9%84%d9%82%d8%a9-10-%d8%a7%d9%84%d8%b9%d8%a7%d8%b4%d8%b1%d8%a9/,0
http://aflamonlinee.online/%d9%85%d8%b3%d9%84%d8%b3%d9%84-%d8%b6%d8%af-%d9%85%d8%ac%d9%87%d9%88%d9%84-%d8%a7%d9%84%d8%ad%d9%84%d9%82%d8%a9-12-%d8%a7%d9%84%d8%ab%d8%a7%d9%86%d9%8a%d8%a9-%d8%b9%d8%b4%d8%b1/,0
http://aflamonlinee.online/%d9%85%d8%b3%d9%84%d8%b3%d9%84-%d9%87%d8%a7%d8%b1%d9%88%d9%86-%d8%a7%d9%84%d8%b1%d8%b4%d9%8a%d8%af-%d8%a7%d9%84%d8%ad%d9%84%d9%82%d8%a9-7-%d8%a7%d9%84%d8%b3%d8%a7%d8%a8%d8%b9%d8%a9/,0
http://aflamonlinee.online/%d9%85%d8%b3%d9%84%d8%b3%d9%84-%d8%b1%d9%88%d8%b2%d9%86%d8%a7-%d8%a7%d9%84%d8%ad%d9%84%d9%82%d8%a9-2-%d8%a7%d9%84%d8%ab%d8%a7%d9%86%d9%8a%d8%a9/,0
http://aflamonlinee.online/%d9%85%d8%b3%d8%b1%d8%ad-%d9%85%d8%b5%d8%b1-%d9%81%d9%8a-%d8%b1%d9%85%d8%b6%d8%a7%d9%86-%d8%a7%d9%84%d8%ad%d9%84%d9%82%d8%a9-7-%d8%a7%d9%84%d8%b3%d8%a7%d8%a8%d8%b9%d8%a9-%d9%85%d8%b3%d8%b1%d8%ad%d9%8a/,0
http://aflamonlinee.online/%d9%85%d8%b3%d9%84%d8%b3%d9%84-%d9%88%d9%87%d9%85-%d8%a7%d9%84%d8%ad%d9%84%d9%82%d8%a9-1-%d8%a7%d9%84%d8%a7%d9%88%d9%84%d9%8a/,0
http://aflamonlinee.online/%d9%85%d8%b3%d9%84%d8%b3%d9%84-%d9%84%d8%b9%d9%86%d8%a9-%d9%83%d8%a7%d8%b1%d9%85%d8%a7-%d8%a7%d9%84%d8%ad%d9%84%d9%82%d8%a9-10-%d8%a7%d9%84%d8%b9%d8%a7%d8%b4%d8%b1%d8%a9/,0
http://aflamonlinee.online/%d8%ae%d8%b0%d9%8a%d8%aa-%d9%85%d9%86-%d8%b9%d9%85%d8%b1%d9%8a-%d9%88%d8%b9%d8%b7%d9%8a%d8%aa-%d8%a7%d9%84%d8%ad%d9%84%d9%82%d8%a9-2-%d8%a7%d9%84%d8%ab%d8%a7%d9%86%d9%8a%d8%a9/,0
http://aflamonlinee.online/%d9%85%d8%b3%d9%84%d8%b3%d9%84-%d8%ac%d9%88%d9%84%d9%8a%d8%a7-%d8%a7%d9%84%d8%ad%d9%84%d9%82%d8%a9-10-%d8%a7%d9%84%d8%b9%d8%a7%d8%b4%d8%b1%d8%a9/,0
http://aflamonlinee.online/%d9%85%d8%b3%d9%84%d8%b3%d9%84-%d8%a7%d9%85%d8%b1-%d9%88%d8%a7%d9%82%d8%b9-%d8%a7%d9%84%d8%ad%d9%84%d9%82%d8%a9-12-%d8%a7%d9%84%d8%ab%d8%a7%d9%86%d9%8a%d8%a9-%d8%b9%d8%b4%d8%b1/,0
http://aflamonlinee.online/%d9%85%d8%b3%d9%84%d8%b3%d9%84-%d8%a7%d9%84%d8%b9%d8%a7%d8%b5%d9%88%d9%81-%d8%a7%d9%84%d8%ad%d9%84%d9%82%d8%a9-13-%d8%a7%d9%84%d8%ab%d8%a7%d9%84%d8%ab%d8%a9-%d8%b9%d8%b4%d8%b1/,0
http://aflamonlinee.online/%d9%85%d8%b3%d9%84%d8%b3%d9%84-%d9%86%d9%88%d9%81-%d8%ad%d9%84%d9%82%d8%a9-2-%d8%a7%d9%84%d8%ab%d8%a7%d9%86%d9%8a%d8%a9/,0
http://aflamonlinee.online/%d9%85%d8%b3%d9%84%d8%b3%d9%84-%d8%ac%d9%88%d9%84%d9%8a%d8%a7-%d8%a7%d9%84%d8%ad%d9%84%d9%82%d8%a9-14/,0
http://aflamonlinee.online/%d9%85%d8%b3%d9%84%d8%b3%d9%84-%d8%a7%d9%84%d8%b9%d8%a7%d8%b5%d9%88%d9%81-%d8%a7%d9%84%d8%ad%d9%84%d9%82%d8%a9-11-%d8%a7%d9%84%d8%ad%d8%a7%d8%af%d9%8a%d8%a9-%d8%b9%d8%b4%d8%b1/,0
http://aflamonlinee.online/%d9%85%d8%b3%d9%84%d8%b3%d9%84-%d8%a7%d9%84%d9%85%d9%88%d8%a7%d8%ac%d9%87%d8%a9-%d8%a7%d9%84%d8%ad%d9%84%d9%82%d8%a9-7-%d8%a7%d9%84%d8%b3%d8%a7%d8%a8%d8%b9%d8%a9/,0
http://aflamonlinee.online/%d8%a8%d8%b1%d9%86%d8%a7%d9%85%d8%ac-%d9%85%d8%b3%d8%b1%d8%ad-%d9%85%d8%b5%d8%b1-%d9%81%d9%8a-%d8%b1%d9%85%d8%b6%d8%a7%d9%86-%d8%a7%d9%84%d8%ad%d9%84%d9%82%d8%a9-1-%d8%a7%d9%84%d8%a7%d9%88%d9%84%d9%8a/,0
http://aflamonlinee.online/%d9%85%d8%b3%d9%84%d8%b3%d9%84-%d8%a7%d9%84%d9%85%d9%88%d8%a7%d8%ac%d9%87%d8%a9-%d8%a7%d9%84%d8%ad%d9%84%d9%82%d8%a9-2-%d8%a7%d9%84%d8%ab%d8%a7%d9%86%d9%8a%d8%a9/,0
http://aflamonlinee.online/%d9%85%d8%b3%d9%84%d8%b3%d9%84-%d8%ad%d8%b1%d9%8a%d9%85-%d8%a7%d9%84%d8%b4%d8%a7%d9%88%d9%8a%d8%b4-%d8%a7%d9%84%d8%ad%d9%84%d9%82%d8%a9-4-%d8%a7%d9%84%d8%b1%d8%a7%d8%a8%d8%b9%d8%a9/,0
http://aflamonlinee.online/%d9%85%d8%b3%d9%84%d8%b3%d9%84-%d9%86%d8%b3%d8%b1-%d8%a7%d9%84%d8%b5%d8%b9%d9%8a%d8%af-%d8%a7%d9%84%d8%ad%d9%84%d9%82%d8%a9-6-%d8%a7%d9%84%d8%b3%d8%a7%d8%af%d8%b3%d8%a9-2/,0
https://urcima.com/%d9%85%d8%b3%d9%84%d8%b3%d9%84-%d8%b4%d9%8a%d8%a1-%d9%85%d9%86-%d8%a7%d9%84%d9%85%d8%a7%d8%b6%d9%8a-%d8%a7%d9%84%d8%ad%d9%84%d9%82%d8%a9-21-%d8%a7%d9%84%d8%ad%d8%a7%d8%af%d9%8a%d8%a9-%d9%88%d8%a7/,0
https://ramdan.video/%d8%a3%d9%88%d9%84-%d8%b8%d9%87%d9%88%d8%b1-%d9%84%d9%84%d9%86%d8%ac%d9%85%d8%a9-%d9%87%d8%a7%d9%84%d8%a9-%d8%b5%d8%af%d9%82%d9%8a-%d9%81%d9%8a-%d9%85%d8%b3%d9%84%d8%b3%d9%84-%d8%b1%d8%ad%d9%8a_feceade3e.html,1
https://ramdan.video/%d8%aa%d8%b7%d9%88%d8%b1-%d9%83%d8%a8%d9%8a%d8%b1-%d9%81%d9%8a-%d9%82%d8%b6%d9%8a%d8%a9-%d8%b9%d8%b2%d8%aa-%d8%a7%d9%84%d9%85%d9%86%d8%aa%d8%ad%d8%b1-%d9%87%d9%84-%d9%87%d9%8a%d9%83%d9%88%d9%86_5d6b9bea3.html,0
https://ramdan.video/%d9%85%d8%b3%d9%84%d8%b3%d9%84-%d8%a7%d9%84%d8%ae%d8%a7%d9%88%d8%a9-%d8%a7%d9%84%d8%ac%d8%b2%d8%a1-%d8%a7%d9%84%d8%ab%d8%a7%d9%86%d9%8a-%d8%a3%d9%85%d9%8a%d9%86%d8%a9-%d8%aa%d9%82%d8%aa%d8%b1%d8%ad_5101923d9.html,0
https://ramdan.video/%d9%85%d8%a7%d9%86%d8%af%d9%88-%d9%8a%d9%87%d8%b1%d8%a8-%d9%85%d9%86-%d8%a7%d9%84%d9%85%d8%b1%d8%a7%d9%82%d8%a8%d8%a9-%d8%a7%d9%84%d9%84%d9%8a-%d8%b9%d9%84%d9%8a%d9%87-%d8%a8%d8%b0%d9%83%d8%a7%d8%a1_524aa3828.html,0
https://ramdan.video/%d9%85%d8%b3%d9%84%d8%b3%d9%84-%d8%b9%d9%88%d8%a7%d9%84%d9%85-%d8%ae%d9%81%d9%8a%d8%a9-%d9%8a%d8%a7-%d8%aa%d8%b1%d9%8a-%d9%84%d9%8a%d9%87-%d8%a7%d9%84%d8%a3%d9%85%d9%86-%d8%a7%d9%84%d9%88%d8%b7_7271b34b0.html,0
https://ramdan.video/%d9%84%d8%ad%d8%b8%d8%a9-%d9%87%d8%b1%d9%88%d8%a8-%d8%b4%d9%87%d8%a7%d8%a8-%d9%85%d9%86-%d8%a7%d9%84%d8%a3%d9%85%d9%86-%d8%a7%d9%84%d9%88%d8%b7%d9%86%d9%8a-%d8%a8%d8%b7%d8%b1%d9%8a%d9%82%d8%aa%d9%87_81f4398be.html,0
https://ramdan.video/%d9%84%d9%85%d8%a7-%d8%aa%d9%82%d8%aa%d9%84-%d8%ad%d8%af-%d9%85%d9%86-%d8%a7%d9%84%d8%b4%d8%ad%d8%a7%d8%aa%d9%8a%d9%86-%d9%85%d8%ad%d8%af%d8%b4-%d9%87%d9%8a%d8%b3%d8%a3%d9%84-%f0%9f%98-%b3%d8%b9%d9_d7a45126e.html,0
https://ramdan.video/%d8%b0%d8%a7%d8%aa-%d9%85%d9%88%d9%85%d9%86%d8%aa-%d9%84%d9%85%d8%a7-%d8%aa%d9%83%d9%88%d9%86-%d8%a8%d8%aa%d9%83%d9%84%d9%85-%d8%a3%d9%85-%d8%b5%d8%a7%d8%ad%d8%a8%d9%83-%d9%88%d8%a8%d8%aa%d8%b3%d8%a3_eeaee1b9e.html,0
https://ramdan.video/%d8%b5%d8%a7%d8%ad%d8%a8%d9%83-%d8%a7%d9%84%d9%84%d9%8a-%d8%a8%d9%8a%d8%ad%d8%a8%d9%83-%d8%a8%d8%ac%d8%af-%d9%87%d9%88-%d8%a7%d9%84%d9%84%d9%8a-%d9%8a%d8%b3%d8%a7%d9%85%d8%ad%d9%83-%d9%85%d9%87%d9%85_0f96e97c1.html,0
https://ramdan.video/%d8%a7%d9%84%d8%b4%d8%a7%d8%b1%d8%b9-%d8%a7%d9%84%d9%84%d9%8a-%d9%88%d8%b1%d8%a7%d9%86%d8%a7-%d8%a5%d9%8a%d9%87-%d8%a7%d9%84%d9%84%d9%8a-%d8%b9%d8%b2%d8%aa-%d9%86%d8%a7%d9%88%d9%8a-%d8%b9%d9%84_b901409a9.html,0
https://ramdan.video/%d8%b5%d8%a7%d8%ad%d8%a8%d9%83-%d8%a7%d9%84%d9%84%d9%8a-%d8%a8%d9%8a%d8%ad%d8%a8%d9%83-%d8%a8%d8%ac%d8%af-%d9%87%d9%8a-%d8%a7%d9%84%d9%84%d9%8a-%d9%87%d9%8a%d8%ae%d8%a7%d9%81-%d8%b9%d9%84%d9%8a%d9%83_33dbfa0f5.html,0
https://ramdan.video/%d8%a7%d9%84%d8%b4%d8%a7%d8%b1%d8%b9-%d8%a7%d9%84%d9%84%d9%8a-%d9%88%d8%b1%d8%a7%d9%86%d8%a7-%d8%b5%d8%af%d9%85%d8%a9-%d8%ab%d9%86%d8%a7%d8%a1-%d9%85%d9%86-%d8%a7%d9%84%d9%84%d9%8a-%d8%b4%d8%a7%d9%81_85fe6a64e.html,0
https://ramdan.video/%d8%b5%d8%af%d9%85%d8%a9-%d8%af%d8%a7%d9%84%d9%8a%d8%a7-%d9%84%d9%85%d8%a7-%d8%a7%d9%84%d8%b9%d9%85%d9%8a%d8%af-%d8%a3%d8%ad%d9%85%d8%af-%d8%a7%d9%84%d8%af%d9%8a%d8%a8-%d9%81%d8%aa%d8%b4-%d8%a7%d9%84_fd98ce867.html,0
https://ramdan.video/%d8%a8%d8%b1%d9%86%d8%a7%d9%85%d8%ac-%d8%b1%d8%a7%d9%85%d8%b2-%d8%ac%d9%84%d8%a7%d9%84-%d8%aa%d8%ad%d8%aa-%d8%a7%d9%84%d8%ab%d9%84%d8%ac-%d8%a7%d9%84%d8%ad%d9%84%d9%82%d8%a9-%d8%a7%d9%84%d8%b1%d8%a7_192d239b7.html,0
https://ramdan.video/%d9%85%d8%b3%d9%84%d8%b3%d9%84-%d8%b9%d9%88%d8%a7%d9%84%d9%85-%d8%ae%d9%81%d9%8a%d8%a9-%d8%aa%d9%81%d8%aa%d9%83%d8%b1%d9%88%d8%a7-%d9%85%d9%8a%d9%86-%d9%87%d9%88-%d8%a7%d9%84%d9%85%d8%b3%d9%8a_64113ca16.html,0
https://ramdan.video/%d8%b9%d9%88%d8%a7%d9%84%d9%85-%d8%ae%d9%81%d9%8a%d8%a9-%d9%85%d9%88%d8%a7%d8%ac%d9%87%d8%a9-%d8%a8%d9%8a%d9%86-%d9%87%d9%84%d8%a7%d9%84-%d9%83%d8%a7%d9%85%d9%84-%d9%88%d8%a8%d9%8a%d9%86-%d8%a7_804aae4f5.html,0
https://ramdan.video/%d9%85%d8%b3%d9%84%d8%b3%d9%84-%d8%b7%d8%a7%d9%8a%d8%b9-%d9%85%d9%87%d8%ac%d8%a9-%d9%88%d8%b7%d8%a7%d9%8a%d8%b9-%d9%87%d8%b1%d8%a8%d9%88%d8%a7-%d9%84%d9%84%d9%82%d8%a7%d9%87%d8%b1%d8%a9-%d9%8a_5a054d436.html,0
https://ramdan.video/%d9%85%d8%b3%d9%84%d8%b3%d9%84-%d8%b7%d8%a7%d9%8a%d8%b9-%d8%b7%d8%a7%d9%8a%d8%b9-%d9%82%d8%af%d8%b1-%d9%8a%d9%88%d8%b5%d9%84-%d9%84%d8%b3%d8%b1%d8%a7%d8%ac-%d9%8a%d8%a7%d8%aa%d8%b1%d9%89-%d9%87_0ed77d4cc.html,0
https://ramdan.video/%d9%85%d8%b3%d9%84%d8%b3%d9%84-%d8%a7%d9%84%d8%ae%d8%b1%d9%88%d8%ac-%d8%b9%d9%84%d8%a7-%d8%ba%d8%a7%d9%86%d9%85-%d9%88%d8%a3%d8%ae%d8%aa%d9%87%d8%a7-%d8%aa%d9%83%d8%b4%d9%81-%d9%84%d9%80-%d8%a3_b3030fd35.html,0
https://ramdan.video/%d9%84%d9%88-%d8%b1%d8%a3%d9%8a%d9%86%d8%a7%d9%87-29-05-2018%d8%a8%d8%b1%d9%86%d8%a7%d9%85%d8%ac-%d9%84%d9%88-%d8%b1%d8%a3%d9%8a%d9%86%d8%a7%d9%87-%d9%85%d8%b9-%d8%a7%d9%84%d8%af%d8%a7%d8%b9%d9%8a_f10c1308b.html,0
https://ramdan.video/%d9%84%d9%88-%d8%b1%d8%a3%d9%8a%d9%86%d8%a7%d9%87-30-05-2018%d8%a8%d8%b1%d9%86%d8%a7%d9%85%d8%ac-%d9%84%d9%88-%d8%b1%d8%a3%d9%8a%d9%86%d8%a7%d9%87-%d9%85%d8%b9-%d8%a7%d9%84%d8%af%d8%a7%d8%b9%d9%8a_d9e7dd8dc.html,0
https://ramdan.video/%d9%85%d9%84%d9%8a%d9%83%d8%a9-%d9%85%d9%84%d9%8a%d9%83%d8%a9-%d8%a7%d9%81%d8%aa%d9%83%d8%b1%d8%aa-%d9%85%d9%88%d9%82%d9%81-%d8%a8%d9%8a%d9%86%d9%87%d8%a7-%d9%88%d8%a8%d9%8a%d9%86%d8%a2%d9%8a_bb7210179.html,0
http://www.gdedak.tv/series/episodes-online/6000-%D9%85%D8%B3%D9%84%D8%B3%D9%84-%D8%B6%D8%AF-%D9%85%D8%AC%D9%87%D9%88%D9%84-%D8%A7%D9%84%D8%AD%D9%84%D9%82%D8%A9-20/#playVideo,0
http://www.gdedak.tv/series/episodes-online/6041-%D9%85%D8%B3%D9%84%D8%B3%D9%84-%D8%B6%D8%AF-%D9%85%D8%AC%D9%87%D9%88%D9%84-%D8%A7%D9%84%D8%AD%D9%84%D9%82%D8%A9-21/#playVideo,0
http://www.gdedak.tv/series/episodes-online/6040-%D9%85%D8%B3%D9%84%D8%B3%D9%84-%D9%84%D9%8A%D8%A7%D9%84%D9%8A-%D8%A7%D9%88%D8%AC%D9%8A%D9%86%D9%8A-%D8%A7%D9%84%D8%AD%D9%84%D9%82%D8%A9-21/#playVideo,0
http://www.gdedak.tv/series/episodes-online/6006-%D9%85%D8%B3%D9%84%D8%B3%D9%84-%D9%84%D8%B9%D9%86%D8%A9-%D9%83%D8%A7%D8%B1%D9%85%D8%A7-%D8%A7%D9%84%D8%AD%D9%84%D9%82%D8%A9-21/#playVideo,0
http://www.gdedak.tv/series/episodes-online/6048-%D9%85%D8%B3%D9%84%D8%B3%D9%84-%D9%84%D8%B9%D9%86%D8%A9-%D9%83%D8%A7%D8%B1%D9%85%D8%A7-%D8%A7%D9%84%D8%AD%D9%84%D9%82%D8%A9-22/#playVideo,0
http://www.gdedak.tv/series/episodes-online/6032-%D9%85%D8%B3%D9%84%D8%B3%D9%84-%D8%A7%D8%A8%D9%88-%D8%B9%D9%85%D8%B1-%D8%A7%D9%84%D9%85%D8%B5%D8%B1%D9%8A-%D8%A7%D9%84%D8%AD%D9%84%D9%82%D8%A9-21/#playVideo,0
http://urcima.com/%d9%85%d8%b3%d9%84%d8%b3%d9%84-%d8%b4%d9%8a%d8%a1-%d9%85%d9%86-%d8%a7%d9%84%d9%85%d8%a7%d8%b6%d9%8a-%d8%a7%d9%84%d8%ad%d9%84%d9%82%d8%a9-21-%d8%a7%d9%84%d8%ad%d8%a7%d8%af%d9%8a%d8%a9-%d9%88%d8%a7/,0
http://aflam4u.net/%d9%85%d8%b3%d9%84%d8%b3%d9%84-%d9%83%d9%84%d8%a8%d8%b4-%d8%a7%d9%84%d8%ad%d9%84%d9%82%d9%87-2-ep2-kalabsh-%d8%b1%d9%85%d8%b6%d8%a7%d9%862018_390f5b722.html,0
http://aflam4u.net/%d9%85%d8%b3%d9%84%d8%b3%d9%84-%d9%83%d9%84%d8%a8%d8%b4-%d8%a7%d9%84%d8%ad%d9%84%d9%82%d9%87-1-ep1-kalabsh-%d8%b1%d9%85%d8%b6%d8%a7%d9%862018_c98ac590d.html,0
http://aflam4u.net/%d8%a7%d9%84%d8%ad%d9%84%d9%82%d9%87-%d8%a7%d9%84%d8%ab%d8%a7%d9%84%d8%ab%d9%87-%d9%83%d8%a7%d9%85%d9%84%d9%87-%d9%85%d9%86-%d9%85%d8%b3%d9%84%d8%b3%d9%84-%d8%a7%d9%8a%d9%88%d8%a8-%d8%b1%d9%85%d8%b6_f011410e5.html,0
http://www.fai.ie/sites/default/files/webform/rheem83.html,0
https://ebsaweb.eu/sites/default/files/webform/rrrrrr.html,0
http://www.wakionline.com/art/156340.html,0
http://x1xvideos.com/trending/lb,0
https://www.emotionvideo-tv.com/watch.php?vid=dbf5b3bda,0
https://www.taslyia.me/video/b5d764c7d,0
